record_key,dimensions,weight,build,sim,protection
0af0834a9b0030fa27d5c862c19ef84c8396626b06629dfeefa3236307e2a65b,159.9 x 76.7 x 8.3 mm,221 g,"Glass front, glass back, titanium frame (grade 5)",Nano-SIM + eSIM + eSIM (max 2 at a time; International),IP68 dust tight and water resistant (immersible up to 6m for 30 min)
06196e63ddee837e16c691bb9cae491af10bb4f5b9e0ebb198d10f127449b7f8,147.6 x 71.6 x 7.8 mm,171 g,"Glass front, glass back, aluminum frame",Nano-SIM + eSIM + eSIM (max 2 at a time; International),IP68 dust tight and water resistant (immersible up to 6m for 30 min)
c0860ba81428f4d058c75cb5bfb41dde468ba46c59058d72c5ee7d602fd61891,149.6 x 71.5 x 8.3 mm,199 g,"Glass front (Ceramic Shield), glass back, titanium frame (grade 5)",Nano-SIM,IP68 dust tight and water resistant (immersible up to 6m for 30 min)
d096ec39921c9807f2684b2d1fd5df12ca441cda63984e48d229fe1326096b62,147.6 x 71.6 x 7.8 mm,170 g,"Glass front (Ceramic Shield), glass back, aluminum frame",Nano-SIM,IP68 dust tight and water resistant (immersible up to 6m for 30 min)
2bfd91b88fe8d14165f0013ba2d382a70cae44c47d9a6c0752d3d0f8595412f4,163.4 x 78 x 8.8 mm,233 g,"Glass front (Ceramic Shield 2), aluminum frame, aluminum back/ glass back (Ceramic Shield)",Nano-SIM,IP68 dust tight and water resistant (immersible up to 6m for 30 min)
2cdc6e69eb9a87f0adfb93114e4d62677d475d8ee6d7b39f9f39afe9122fdeef,150 x 71.9 x 8.8 mm,206 g,"Glass front (Ceramic Shield 2), aluminum frame, aluminum back/ glass back (Ceramic Shield)",Nano-SIM,IP68 dust tight and water resistant (immersible up to 6m for 30 min)
db0d1f96c359212873bcfd0236cab15e7f773d60991124a69ce6f7c4afebbc75,"Folded, Unfolded",,Back: Gorilla Glass Victus 2,"Dual SIM (Nano-SIM, dual stand-by)","Water resistant, Dust proof"
5541c9cf5d6150ad083e5c2a56d08b025471760ee254e45784c1c33af84fb665,,226 g,"Glass front (Gorilla Glass Victus 2), glass back (Gorilla Glass Victus 2), aluminum frame",Nano-SIM + eSIM,IP68 dust tight and water resistant (immersible up to 1.5m for 30 min)
1df445ca2ed8807917645dd112528d85c5706c05acf00dac1523568e3ada7c2c,,,"Glass front (Gorilla Glass Victus 2), glass back (Gorilla Glass Victus 2), aluminum frame",Nano-SIM + eSIM,IP68 dust tight and water resistant (immersible up to 1.5m for 30 min)
b9aeaf3a1e004952252adcea5d0301679f4222c45835ceb9dd6521d5b4b8b3bc,152.8 x 72 x 8.6 mm,204 g,"Glass front (Gorilla Glass Victus 2), glass back (Gorilla Glass Victus 2), aluminum frame",Nano-SIM + eSIM,IP68 dust tight and water resistant (immersible up to 1.5m for 30 min)
5749518c03f439501c7fb2d6302ccc16ac9eddff3c549dc61a99707a5b14e241,158.6 x 74.8 x 8.9 mm,207 g,"Glass front (Gorilla Glass Victus), glass back (Gorilla Glass 6), aluminum frame",Nano-SIM + eSIM,IP68 dust tight and water resistant (immersible up to 1.5m for 30 min)
6ee5434d383071c3946cfa40a5d0f00af72264ee72e3737c29cb5fe63bd59ebe,152.8 x 72 x 8.5 mm (6.02 x 2.83 x 0.33 in),199 g,"Glass front (Gorilla Glass Victus 2), glass back (Gorilla Glass Victus 2), aluminum frame",Nano-SIM + eSIM,IP68 dust tight and water resistant (immersible up to 1.5m for 30 min)
5026d9034ab88e6a612d214368c63e860c3610797bc4a44be3569f2ec1ef72e8,162.7 x 77.1 x 8.8 mm,223 g,"Glass front (NanoCrystal Shield), glass back",Nano-SIM + eSIM,IP68/IP69 dust tight and water resistant
7f7ace3bec0293b57346513f8ac8dd362dbf54ed56185f68768a9c685550ff15,Not Announced,Not Announced g,"Glass front, aluminum frame",Nano-SIM,IP68/IP69 dust tight and water resistant (high pressure water jets; immersible up to 1.5m for 30 min)
f240745169b1a082c5fbc782f4aacccdd6b993b16e55688fa14fc11fff656772,170.6 x 77.5 x 8.6 mm,205 g,"Glass front, plastic frame, plastic back",Nano-SIM,-
9ecbee5b3fcf21a88e08df109fd0e68b88bd60887eaf9cf875414a726dd2efaf,168.6 x 76.6 x 8.3 mm,199 g,"Glass front, plastic back, plastic frame","Dual SIM (Nano-SIM, dual stand-by)",
e63e275d01f005f86f4b4d558fab50d0250bcf149f3ed858677b23a95c4b0688,163.6 x 75.6 x 8.3 mm,190 g,"Glass front, plastic back, plastic frame",Nano-SIM,-
74eac418ee3d40fdc6507785b17b5f3c223561f85228295530179d84b62b8f42,166.9 x 79.5 x 7.9 mm,204 g,IP68 dust tight and water resistant (immersible up to 2m for 30 min),Nano-SIM,IP68 dust tight and water resistant
13fab7900804959e2b23c6a8d601f77f01abaa6b58b5dd3f15097f6057ea3910,167.9 x 79.1 x 7.5 mm,195 g,"Glass front, plastic back, plastic frame","Dual SIM (Nano-SIM, dual stand-by)",IP65 dust tight and water resistant
7e8c91315e2751131a8fbd82592fa6628b861596f9de1002fb773416938d064e,162.7 x 76 x 8.2 mm,203 g,"Glass front, plastic frame, glass back","Dual SIM (Nano-SIM, dual stand-by)",IP53 dust protected and water resistant
1ca286a5dfafe4cfb3e21376fb9e2fb1d80d08bac9f05e93681b22dd135a0da5,164.3 x 74.5 x 8.1 mm,190 g,Dimensions 164.3 x 74.5 x 8.1 mm (6.47 x 2.93 x 0.32 in),Nano-SIM,IP53 dust protected and water resistant
1809edbf46e9320d182f3d2dfc7202d72096bc67598559bb5f2635af4441382c,164.1 x 74.5 x 7.8 mm,190 g,Dimensions 164.1 x 74.5 x 7.8 mm (6.46 x 2.93 x 0.31 in),Nano-SIM,IP54 dust protected and water resistant
127b86b3b003198ee601f290106acad35c0637bf08de9d4dcff2a7ee04380899,167.7 x 78.8 x 7.7 mm,189 grams,"Glass front, plastic back, plastic frame",Nano-SIM,IP64 dust tight and water resistant (water splashes)
e1390c2cbafdedd71bbf06bcb519c4a6e59129ced85689554fb817ea0b8adcc3,163.7 x 75.7 x 9 mm,204 g,"Glass front, plastic back, plastic frame","Dual SIM (Nano-SIM, dual stand-by)",
a36f08a596827990459f92aa06fc4fc0ca5a6ec61e2384747a6994b1da97ea09,163.6 x 75.6 x 8.5 mm,189 g,"Glass front, plastic back, plastic frame","Dual SIM (Nano-SIM, dual stand-by)",
e7a4577fb3f945edfabdedd34e667dcbf569b736d68f180aa8ffdad20ee2e944,165.7 x 77.1 x 8.4 mm,188 g,"Glass front, plastic back, plastic frame","Dual SIM (Nano-SIM, dual stand-by)",IP54 dust protected and water resistant
152e829ac65b28b3c5c627b47d7d95c971feb5f83d39300809427f3a10b5120b,164.5 x 75 x 7.9 mm,185 g,"Glass front (Gorilla Glass 5), glass back (Gorilla Glass 5) or eco leather back, plastic frame",Nano-SIM,IP53 dust protected and water resistant
4943b8dbafcffdb862701380603703e7d96513059e1a6f26a8ec04189d979dd0,146.7 x 71.5 x 7.7 mm,174 g,"Glass front, glass back, aluminum frame","Nano-SIM + eSIM, Nano-SIM",IP68 dust tight and water resistant (immersible up to 6m for 30 min)
8f807756ab75c0b0e08d51dd5f5518741058d35552ada025111b98a5efed8e93,146.7 x 71.5 x 7.8 mm,172 g,"Glass front, glass back, aluminum frame",Nano-SIM,IP68 dust tight and water resistant (immersible up to 6m for 30 min)
b0e9282ea87e56d49ffbc282e8d46544aea773c147fdabd68f84ab30c038c01c,160.9 x 77.8 x 7.8 mm,201 g,"Glass front, glass back, aluminum frame",Nano-SIM,IP68 dust tight and water resistant (immersible up to 6m for 30 min)
f5c0168081a025c1f71da889bc9b5659f09b36a3465cd81aac705379ee9f869f,9.0 mm thickness,240 g,"Glass front (Ceramic Shield 2), aluminum frame, aluminum back/ glass back (Ceramic Shield)",Nano-SIM,IP68 dust tight and water resistant (immersible up to 6m for 30 min)
2d0b0b72b2ad0752777354bec00cb7cf3564b072d08c4aa9dfa410c0e52c4097,76 x 164 x 9 mm,205 g,OS Android 12 Go edition,"Nano-SIM, Dual SIM (Nano-SIM, dual stand-by)",-
388c001a6ee3a4502122951106624535c0fb164e41ff787a0db6271dbe0d9f4c,N/A,185 g,OS Android 11.0 (Go edition),"Nano-SIM, Dual SIM (Nano-SIM, dual stand-by)",-
17922b12bf621dc05b225857fa15777140243d113932d5780b0b9b5866e25965,8.6 mm thickness,187 g,Dimensions 8.6 mm thickness,"Dual SIM (Nano-SIM, dual stand-by)",N/A
994520575d5580547ea7d090e3118a52dd60f579ac91316c331d6bb398facc4d,81 x 70 x 15.9 & 7.8 mm,200 g,Tempered Glass Front Film Back Lens,GSM,-
a6860572b22d3702b81231c2a53be5263e3f0f0ea287d97d2efd440b5ed8817e,8.0 mm thickness,187 g,Dimensions 8.0 mm thickness,Nano-SIM,
97d3bd819fdc0a391154449727a68761a793ce547b49e92ad6f00f9a38e9f79f,,,,Nano-SIM + Nano-SIM,IP68/IP69 dust tight and water resistant (high pressure water jets; immersible up to 1.5m for 30 min)
012fe72c161b3c4165cd30f7837da682a14ed7889900de9e1b91b420340ebc6f,7.9 mm thickness,178 g,"Glass front, plastic frame, plastic back",Nano-SIM,-
4b6748eeff86c9be0261dbe7bd33d9018ebefb6579b62b900c1ba74abfa50401,164 x 76 x 8 mm (6.46 x 2.99 x 0.31 in),195 g,"Glass front, plastic frame & back","Dual SIM (Nano-SIM, dual stand-by)",-
79ca26acd14a2ce3dd948f0874968c622244356ada818abb169af3d7f38f0491,164.2 x 77.4 x 7.3 mm,182 g,"Glass front (Gorilla Glass 7i), silicone polymer (eco leather) back, plastic frame","Nano-SIM + eSIM, Nano-SIM",IP64 dust tight and water resistant
851afc357823cdda4a9a42ca5f0d4c0e118d43155b2a9005f1d89b5a6d1030f5,164.6 x 75.9 x 8.5 mm,190 g,"Glass front, plastic frame, plastic back","Nano-SIM, Dual SIM (Nano-SIM, dual stand-by)",-
42aeffe211dcca3faf7e1c777534538bd5c171754b5d06210a08962356b556a9,164 x 75.4 x 7.9 mm,175 g,"Glass front, plastic back, plastic frame",Nano-SIM,-
93ee8dadac86e6ab7b20ad6356d9c9a8779519ce6de45e7f370d098af97a6d59,164 x 75.4 x 7.9 mm,175 g,"Glass front, plastic back, plastic frame",Nano-SIM,-
b7a58e69da0f3277a1cafafdbfaf6d039e37c2001f1bde4fdfec102f392222a7,164.2 x 75.6 x 8.3 mm,189 g,Dimensions 164.2 x 75.6 x 8.3 mm (6.46 x 2.98 x 0.33 in),Nano-SIM,IPX4 water resistance
447c68d038da2f7ed01920664a5691a8d1fd108661fe32c3ec550d0b5e522090,163.8 x 75.1 x 8 mm,186 g,"Glass front, plastic frame, plastic back",Nano-SIM,-
b86adff8e7e5483cb6073189fe7cb72955beb4eaa0aaa5617d476906e2e70fb5,163.8 x 75 x 8 mm,188 g,Dimensions 163.8 x 75 x 8 mm (6.45 x 2.95 x 0.31 in),Nano-SIM,IP54 dust protected and water resistant
42d20c08ebb7ab8a67ae474e592dcc7710f9e3064b3f97c7b42adffff2e5ce49,163.8 x 75.1 x 8 mm,188 g,IP54 dust protected and water resistant (water splashes),"Dual SIM (Nano-SIM, dual stand-by)",IP54 dust protected and water resistant (water splashes)
a33a25ab4c102d4fb875fa71246a1bf27aa07b37e2f30b2f61e3c75a088e5647,164.4 x 75.7 x 8.4 mm,191 g,"Glass front, plastic frame, plastic back",Nano-SIM,"IP5X (dust), IPX4 (water) resistance"
99a675d340236d3680ac1c71009dda172317439aa8a28ed781eaebd8535a670d,159.9 x 73.2 x 7.5 mm,175 g,Dimensions 159.9 x 73.2 x 7.5 mm (6.30 x 2.88 x 0.30 in),Nano-SIM,IPX4 water resistant
290eda6ec340f96f3659a4e01214ebf99991c2e82c7baf4565f457e6108142fa,162.4 x 74.3 x 7.9 mm or 8.0 mm,182 g,tempered glass film,"Dual SIM (Nano-SIM, dual stand-by)",Asahi Glass AGC DT-Star2
237629b760ca3e3e260e79952f3ad61a3718068a8f902f689a38903658f830d7,161.1 x 74.7 x 7.5 mm,177 g,Dimensions 161.1 x 74.7 x 7.5 mm (6.34 x 2.94 x 0.30 in),Nano-SIM,IP65 dust tight and water resistant
1550a41eb312ca70a21daf3d3acbb1485fdc657529ed64c7d7420013930e7c15,162.6 x 77.6 x 7.8 mm,192 g,"Glass front, plastic frame, plastic back or silicone polymer back (eco leather)",Nano-SIM,IP68/IP69K dust tight and water resistant (high pressure water jets; immersible up to 2m for 30 min)
5cd0b5087473cd14112d08034c9d4548a3cfaf63ad9c40d89cdd788b70ed4d59,163.8 x 75.8 x 8.9 mm,202 g,"Glass front (Gorilla Glass 5), glass back, plastic frame",Nano-SIM,-
b949b471015abc7c3b351a1776b32f34a2a4fe0078609541972530e3e044d31b,166.5 x 78.2 x 8.4 mm,208 g,"Glass front, plastic frame, plastic back","Dual SIM (Nano-SIM, dual stand-by)",IP64 dust tight and water resistant
7c185f2d927bb9a2cc3268517f37b4f77553bc1c957857a55c1510f38bd1e8a1,167.3 x 76.7 x 7.5 mm,182 g,"Glass front, plastic frame, plastic back","Dual SIM (Nano-SIM, dual stand-by)",
74cfdff5d75f29450cf445790521db912c7ae1808986d0d0b9f5c2ada3ab00d6,167.3 x 76.7 x 7.7 mm,189 g,"Glass front, plastic back or silicone polymer back (eco leather), plastic frame","Dual SIM (Nano-SIM, dual stand-by)",IP54 dust protected and water resistant (water splashes)
5158e4a7ae7052e0c0a25961ce016d3dadb64041a43ba60c2dcc839d42f29bf2,164.6 x 75.4 x 7.6 mm,185 g,Dimensions 164.6 x 75.4 x 7.6 mm (6.48 x 2.97 x 0.30 in),Nano-SIM,IP54 dust protected and water resistant
cc82dcf2f9f934951d147bbd4db58cdc64bd7f0ea0e53d99f4d16673afea4bbe,166.18 x 78.03 x 8.38 mm,212 g,"Glass front, plastic back, plastic frame","Nano-SIM, Dual SIM (Nano-SIM, dual stand-by)",IP68/IP69K dust tight and water resistant
85deb17819703c8a2b72ef84c4f4c2bf16a5198c3bf1bdab88af8553b713ba4d,167.2 x 76.7 x 8 mm,186 g,"Glass front, plastic frame, plastic back","Dual SIM (Nano-SIM, dual stand-by)",IP54 dust protected and water resistant
90d6a2abd9a4f9daf6719fe211d82ebbd7e7229919105866881970939b804883,166.4 x 78.2 x 8.8 mm,224 g,"Glass front, plastic frame, plastic back","Dual SIM (Nano-SIM, dual stand-by)",IP65 dust tight and water resistant
bdf0b8709ce7ece9511a757e66c5478af4dc57597039cb24ddba65c0da62d832,168.8 x 76.4 x 8.8 mm,192 g,Dimensions 168.8 x 76.4 x 8.8 mm (6.65 x 3.01 x 0.35 in),Nano-SIM,-
d67f60d6a9f191e5ad9a61a12e75f55c875539ca6233228753d7767f77bf82cb,164.9 x 76.8 x 9.1 mm,192 g,Dimensions 164.9 x 76.8 x 9.1 mm (6.49 x 3.02 x 0.36 in),Nano-SIM,-
f125729dac65fea964f35ab67e756e5f51a3a3e28b202494f301701646ead02a,168.3 x 76.3 x 8.3 mm,193 g,"Glass front (Gorilla Glass 3), glass back or silicone polymer back (eco leather), plastic frame",Nano-SIM,-
10ab98030450c7c19db32494aaff90c8d6ba3b260ed9d1d7802a10b3991a0b61,165.7 x 76 x 7.9 mm,183.5 g,"Glass front (Gorilla Glass 3), plastic frame, plastic back",Nano-SIM,IP53 dust protected and water resistant
2d1e1481797ec3df7cad855c625dd0a4c916e3f1d61ac20e2c0951b5ae1fa3b0,161.2 x 74.2 x 8 mm,187 g,"Glass front (Gorilla Glass Victus), plastic frame, glass back","Nano-SIM + eSIM, Nano-SIM + Nano-SIM",IP54 dust protected and water resistant (water splashes)
9912446ca221c308265d86df4cd39d4a8db153928c98b95701e626af7e20647a,162.2 x 74.9 x 8.2 mm,180 g,"Glass front (Gorilla Glass Victus 2), plastic back, aluminum frame","Dual SIM (Nano-SIM, dual stand-by)",IP64 dust tight and water resistant (water splashes)
f6746dfe4af20be8922cf739a7f59ae0a05ee4083da287ee10a581f4b6e2565e,159.9 x 73.9 x 8.1 mm,176 g,Dimensions 159.9 x 73.9 x 8.1 mm (6.30 x 2.91 x 0.32 in),Nano-SIM,-
8195f7c5c3f8c98de40761bdf030c2d813df9eed4529e1491202c5dc0cd7d35c,164.4 x 76.3 x 9.1 mm,192 g,"Glass front, plastic back, plastic frame","Dual SIM (Nano-SIM, dual stand-by)",
67db11b9acdbba31624b06183045531c2485db5d5bdee95a33333665e066cfbc,164.7 x 76.7 x 9.1 mm,195 g,"Glass front, plastic back, plastic frame",Nano-SIM,-
56b0fec02448f91243cb22cffafa023ee50c4fb03d7ec9aa73717fa50d9f9d00,168 x 77.8 x 8.8 mm,194 g,"Glass front, plastic back, plastic frame",Nano-SIM,-
5c02241ece6ed0f915531fde16e4195b308323013471818497f243bdb74c7694,161 x 76.5 x 8.3 mm,197 g,"Glass front, plastic frame, plastic back",Nano-SIM,-
03cf5bf9d6b833baabc692848d4318071990b6439cf0687a4ed309da1090cec1,Not specified,Not specified g,Not specified,Nano-SIM + Nano-SIM,Not specified
479197be9e595ca04ab37e59dbffdb76e446342ea19b9abd62668b06703bac69,164.4 x 77.9 x 7.9 mm,200 g,"Glass front, plastic back, plastic frame","Dual SIM (Nano-SIM, dual stand-by)",IP54 dust protected and water resistant
669207706646419f4b6db219917c71eb09d88ec24caf7a3ddbbaee42c69dcb10,164.4 x 77.9 x 7.5 mm,192 g,"Glass front (Gorilla Glass Victus), plastic frame, glass-fiber reinforced plastic back",Nano-SIM,IP54 dust protected and water resistant (water splashes)
47f7f73ae80264137a7c3b63f5f0c8909e4b8874ff404d4cff28478076068c39,158.9 x 73.6 x 8.4 mm,184 g,"Glass front (Gorilla Glass 5), plastic frame, plastic back","Nano-SIM, Nano-SIM + Nano-SIM",Corning Gorilla Glass 5
840651d4736e14a9f00468c2d3ecaf28139a84e4574d9bb3ee789fa5b1be5b32,158 x 76.5 x 8.2 mm,209 g,"Glass front (Gorilla Glass 5), glass back (Gorilla Glass 5), aluminum frame",Nano-SIM,IP68 dust tight and water resistant (immersible up to 1.5m for 30 min)
66b25b30ff78584501c86018fc0950b6760951c5dd91299768271a326da94031,147 x 70.6 x 7.6 mm,167 g,"Glass front (Gorilla Glass Victus 2), glass back (Gorilla Glass Victus 2), aluminum frame",Nano-SIM,IP68 dust tight and water resistant (immersible up to 1.5m for 30 min)
41724748957ccc6c33e688e94f814b1e40a0d211c7cf1f1d107997a67925dd91,"Unfolded: 165.1 x 71.9 x 6.9 mm, Folded: 85.1 x 71.9 x 15.1 mm",187 g,"Plastic front (unfolded), glass back (Gorilla Glass Victus 2), aluminum frame",Nano-SIM + eSIM,IPX8 water resistant (up to 1.5m for 30 min)
cdfc40a69fbdd347e536459b97a9cbafba3ff33238741c92be16938d51ffe277,"Unfolded: 154.9 x 129.9 x 6.1 mm, Folded: 154.9 x 67.1 x 13.4 mm",253 g,"Glass front (Gorilla Glass Victus 2) (folded), plastic front (unfolded), glass back (Gorilla Glass Victus 2), aluminum frame",Nano-SIM + eSIM,IPX8 water resistant (up to 1.5m for 30 min)
f6c350dad63cc400616489c7737d26b77664ee2767f7154215a238836fff46b7,Unfolded: 155.1 x 130.1 x 6.3 mm Folded: 155.1 x 67.1 x 14.2-15.8 mm,263 g,"Glass front (Gorilla Glass Victus+), plastic front (unfolded), glass back (Gorilla Glass Victus+), aluminum frame",Nano-SIM + eSIM,IPX8 water resistant (up to 1.5m for 30 min)
01dbc31aa4b8fb28aff18810f7d78c5604796416bd011d0a55a1e8d07ec9ba0c,164.6 x 75.8 x 9.2 mm,186 g,"Glass Front, Plastic Frame, Plastic Back","Dual SIM (Nano-SIM, dual stand-by)",Corning Gorilla Glass
f6749884b568549b59cf921c29029d3ca1df6d6124677254aff9a222f9b24615,168.0 x 77.7 x 9.2 mm,185 g,Corning Gorilla Glass,"Nano-SIM, Dual SIM (Nano-SIM, dual stand-by)",-
4de9e009cf75c628ec3fd32f00afeb750e574f8a9b7897dbdf0a80518d77a5a8,165 x 75.5 x 8.9mm,185 g,-,"Dual SIM (Nano-SIM, dual stand-by)",-
a0ebfc5406bfcff6d4d441670d3a205955336803e80238607308054d9dd4d6eb,Not Officially Specified,Not Officially Specified g,Not Officially Specified,"Dual SIM (Nano-SIM, dual stand-by)",Not Officially Specified
68f5d96034fc54273bf09625b4d05faeee11a7dd87f29fb6ffd1d001ed545db7,167.64 x 77.37 x 7.95 mm,185 g,OS Android 13 OS,"Nano-SIM, Dual SIM (Nano-SIM, dual stand-by)",-
f6e81b9dc89fb49f2fa8829f1df382397d01913c86b27fab23590a894777fb82,164.6 x 75.8 x 9.2 mm,185 g,OS Android 13 OS,"Nano-SIM, Dual SIM (Nano-SIM, dual stand-by)",-
f8e725516ec20df7ba69fbd5be0e7567fb15e266156614554317b7284b69cc3d,164.6x75.8x9.2 mm,189 g,Corning Gorilla Glass,"Nano-SIM, Dual SIM (Nano-SIM, dual stand-by)",-
54648b79958a27128530b56cf102a0f1f39240b49addca3f36d7b45876d1c1a6,165.8 x 76.7 x 7.9mm,193 g,"AMOLED Capacitive Touchscreen, Multitouch","Nano-SIM, Dual SIM (Nano-SIM, dual stand-by)",-
5b422034ca0e17ca05903b0b809dc1a7a17d48c0b8217991464b539db1aca09c,150.8 x 72 x 10.5mm,185 g,OS Android 12 Go edition,"Nano-SIM, Dual SIM (Nano-SIM, dual stand-by)",-
62363c6285e84d8ce0cfcdf37367e3d4a834b01cb2143abf10638189fd689fd1,149.33 x 71.86 x 9.7mm,185 g,Corning Gorilla Glass,"Nano-SIM, Dual SIM (Nano-SIM, dual stand-by)",-
d3cb8585249f1a5381131760f3c761a9abda9dda5f0e593db834d66952f14b95,"150.1 mm, 73.1 mm, 11.6 mm",185 g,OS Android 12 Go edition,"Nano-SIM, Dual SIM (Nano-SIM, dual stand-by)",-
772282d4070825e03eae7ee7728381c837dbb62dc2d4c1a82bf6915c8eabe4e8,154.5 x 73 x 10mm,185 g,OS Android 12 OS,"Nano-SIM, Dual SIM (Nano-SIM, dual stand-by)",-
bd242006a222c5f14432aed2b0bfcac3e73b4ca464b76e74bddc62aee3b4f8bf,168.76 x 76.6 x 8.6 mm,185 g,OS Android 13 OS,"Nano-SIM, Dual SIM (Nano-SIM, dual stand-by)",-
2c9a505dcc38a2e4dc6e9af4baf8ba2df40c4722e2b0b2d7373ac89cfbeffee6,163.4 x 76.7 x 7.8 mm,190 g,,"Dual SIM (Nano-SIM, dual stand-by)",
05e6d0d1fc7c6c845029d2a6a8ac7c9f1a15e51c1316cb882cd627acb4d1a173,Not Officially Specified,Not Officially Specified g,"Glass Front, Plastic Frame, Plastic Back","Dual SIM (Nano-SIM, dual stand-by)",IP53 Dust & Splash Resistant (Rumored)
c99b6b7062155c55de41432597f4ec3556c92f5c50065bada9c03af3a4c595d3,164 x 74.5 x 7.7 mm,188.6 g,"Glass front, glass back or silicone polymer back (eco leather)","Dual SIM (Nano-SIM, dual stand-by)",
0bc886745b141d5179472de40aac29b65293d133bb9eb535f1f4dce41718887d,162.4 x 77 x 7.8 mm,,Dimensions 162.4 x 77 x 7.8 mm (6.39 x 3.03 x 0.31 in),Nano-SIM,IP68/IP69K dust tight and water resistant (high pressure water jets; immersible up to 2m for 30 min)
1b20d46faa9ef4bb659a07e707a08d648002d41c696d0432e98d103a5cb0637c,Unfolded: 171.7 x 74.1 x 7 mm; Folded: 88.8 x 74.1 x 15 mm,194 g,"Eco leather back, aluminum frame, steel hinge",Nano-SIM,-
ed6e7d04bc018a8b4a3e851a7b752041a1abe026a56790c6624f49af3651179f,163.9 x 75.5 x 8.9 mm,185 g,"Glass front, plastic back, plastic frame","Dual SIM (Nano-SIM, dual stand-by)",
be0dd621914a93027abbda47a8278bf3e7a26c1c150715d5b72c155fb506439a,168.5 x 76.5 x 9 mm,212 g,"Glass front, plastic frame, plastic back",Nano-SIM,-
e88be5579608e9fa0b0256b7704e28da997cbe8458449f338bd8d9013e97a6ec,168.4 x 76.2 x 8.4 mm,208 g,"Glass front, plastic frame, glass back","Dual SIM (Nano-SIM, dual stand-by)",
8154fd53709dc9f251a6290e88d49f55ae224ffc671cbddc698e155b3472c97e,163.9 x 75.5 x 8.5 mm,200 g,"Glass front, plastic frame, plastic back","Dual SIM (Nano-SIM, dual stand-by)",
963ef458ac59cde3de1c7e10f397c5e173b7fdcaac26c3f26e669cc4b8ec05e8,164.7 x 75 x 7.6 mm,179 g,"Glass front (Gorilla Glass 5), plastic back, plastic frame","Dual SIM (Nano-SIM, dual stand-by)",IP53 dust protected and water resistant
eefb2a1b576528a7c4000c8259f043b366ba1d4c28b6419bf5827b16ac388680,168.6 x 76.6 x 8.4 mm,203 g,"Glass front, plastic back, plastic frame","Dual SIM (Nano-SIM, dual stand-by)",IP53 dust protected and water resistant
d4eb7b1b01870c1f1d651b5ec091b60b64f17d103225c85fd6d8048bda32d42e,163.7 x 75.6 x 8.5 mm,194 g,"Glass front, plastic back, plastic frame",Nano-SIM + Nano-SIM,IP53 dust protected and water resistant
0a8e1ad2a7204df0576bf01e19642dc19ac72f60760d1e68a80f2fe1f0eb4255,163.7 x 75.6 x 8.6 mm,185 g,"Glass front, plastic back, plastic frame",Nano-SIM + Nano-SIM,
42935071e3b5dd40475917176edab7e38ba122d89aff08136caaf851d44d08b5,167.8 x 79.2 x 7.8 mm,,"Glass front, plastic frame, plastic back",Nano-SIM,IP68/IP69 dust tight and water resistant (high pressure water jets; immersible up to 6m for 30 min)
50a54cdb89b576704c5ef8c6f643308f0782f1f1f1aab80e610c1432ceb38321,163.7 x 75.6 x 8.6 mm,186 g,"Glass front, plastic back, plastic frame","Dual SIM (Nano-SIM, dual stand-by)",
a7f0b414b79bad68b217ba261e0869268ff7776337c2e41a9f17001f881cd487,164.4 x 75.3 x 8 mm,197 g,"Glass front, plastic frame, plastic back",Nano-SIM,IP68/IP69 dust tight and water resistant
80b1b5d6746387c176ca4baf2ed30740a92d08ad1118b960a584008e1f98d1d0,162.5 x 75.8 x 7.7 mm,185 g,"Glass front, plastic frame, plastic back","Dual SIM (Nano-SIM, dual stand-by)",IP54 dust protected and water resistant
6d9b506fb3e0bd095878d0f1554e04fb7ce5d72f4efbd55d50e9e5fdd783b38d,164.2 x 74.4 x 7.5 mm,186 g,"Glass front, glass back, plastic frame","Nano-SIM + eSIM, Nano-SIM + Nano-SIM",IP68 dust tight and water resistant (immersible up to 1.5m for 30 min)
898e9e9fccce84e9a65a8675a5098e506572a1be049f37a9b67ad36fed3cf46d,164.4 x 75.1 x 7.5 mm,186 g,"Glass front, plastic frame, glass back","Dual SIM (Nano-SIM, dual stand-by)",IP54 dust protected and water resistant
48e05c7684304b53671580cd3471d12249aa8f28a3f92c53ff2562413a9988c2,163.5 x 77 x 7.5 mm or 7.8 mm,192 g,"Glass front, plastic frame, plastic back or glass back",Nano-SIM,IP68/IP69 dust tight and water resistant
1017bc3a83c563bfd456fdedc562b333b3a4c9f6c94ff5f18a582cc0827719ac,164.4 x 75.3 x 8 mm,197 g,"Glass front, plastic frame, plastic back",Nano-SIM + Nano-SIM,IP68/IP69 dust tight and water resistant (high pressure water jets; immersible up to 1.5m for 30 min)
f2282414beb59035d1d1cd61b7939d19874edac205ecb0c0e5026258e487aff2,,7000 g,"Glass front, aluminum alloy frame, glass back or fiber-reinforced plastic back",Nano-SIM,IP68/IP69 dust tight and water resistant
0552705b0ed0ab1c8b375618cd85a26357391e22337b0bef4d5b32b4f3ceb211,150.8 x 71.8 x 8.2 mm,190.2 g,"Glass front, aluminum frame, glass back",Nano-SIM,IP68/IP69 dust tight and water resistant
0476a1bd91b56692bf90bebeae9ac43ae0649755bd68a6d6d97ba5abeadf5208,164 x 76 x 8.2 mm,182 g,"Glass front, plastic back, plastic frame","Dual SIM (Nano-SIM, dual stand-by)",
5c48b78729b2382900cb21be49c2b964e408fa6ebc6e3af85d5965ffd9bc8dd0,163.8 x 75.7 x 8.4 mm,185 g,"Glass front, plastic frame, plastic back",Nano-SIM,IP54 dust protected and water resistant
acc00caec9e3f6f2683de16afe396838a703c3d94fb8dfd6a0582b78bda22c0e,167.3 x 77 x 8.2 mm,199 g,"Glass front, plastic frame, plastic back","Dual SIM (Nano-SIM, dual stand-by)",IP64 dust tight and water resistant
0c2e16185adc90d74d8e543afdb61159f67907214a500dca1255844ffaf76532,158.9 x 73.5 x 7.7 mm,181 g,"Glass front, glass back","Dual SIM (Nano-SIM, dual stand-by)",IP54 dust protected and water resistant
d6258340c0cdfaa37149a9c866739626f08b44b8dbee769c5e3c986307ebfd11,163.6 x 75.6 x 8.4 mm,185 g,"Glass front, plastic frame, plastic back",Nano-SIM,IP54 dust protected and water resistant (water splashes)
6b1d4368838f3ae6a0cbf55e573873d6f70202417140a0f8e25da585a520d10c,164.3 x 76.1 x 8 mm,182 g,"Glass front, plastic frame, plastic back","Dual SIM (Nano-SIM, dual stand-by)",
0ae85f58df1ecd24fb888b6b2011d70be4f688e0eab7b89428fdaca105576710,164.1 x 76.2 x 8.2 mm,192 g,"Glass front, plastic frame, plastic back","Dual SIM (Nano-SIM, dual stand-by)",IP54 dust protected and water resistant (water splashes)
9ec75565cd49b849bac61d0c918ecc28799865705efd53fcb4c2ed81df77430c,165.7 x 76 x 8 mm,199 g,"Glass front, plastic frame, plastic back",Nano-SIM,IP64 dust tight and water resistant
2a3939d09cc290f5e5f24660699dd3ed2bd4c3b60c113c5d4f8dfb1cfd9b5ab9,161.1 x 75 x 8 mm,179 g,"Glass front (Gorilla Glass 5), plastic frame",Nano-SIM,IP54 dust protected and water resistant (water splashes)
67718b01eed88cb7e11ce2bcd984a4b9a0184e39add623edb597a929523ee0e9,160.5 x 74.3 x 8.3 mm,186 g,"Glass front (Gorilla Glass 5), plastic frame, plastic back or silicone polymer back (eco leather)",Nano-SIM,IP54 dust protected and water resistant (water splashes)
d6b48bef27ea15a79d2b5d2b2ddae3264412b440a03c818ba890a631071b5f5c,168 x 78 x 8.1 mm,192 g,,"Dual SIM (Nano-SIM, dual stand-by)",Corning Gorilla Glass
da0fd0827071c34eaf63199e0482288ed81e74f9ca3b6f2bf06dae8f1ca0d3ab,171.9 x 77.8 x 8.2 mm,204 g,"Glass front (Gorilla Glass 3), plastic frame, glass back or silicone polymer (eco leather) back",Nano-SIM,Corning Gorilla Glass 3
d23d66b128f7671e006356693f47aef0bd9ea7c349729cf5067458915a65cf1f,168 x 77.5 x 8.6 mm,198 g,Dimensions 168 x 77.5 x 8.6 mm (6.61 x 3.05 x 0.34 in),Nano-SIM,-
e90b91703461adb5350ce9493753350455c80d4fc76447e284ed076c1106b244,164 x 75.8 x 8.5 mm,185 g,,"Nano-SIM, Dual SIM (Nano-SIM, dual stand-by)",Gorilla Glass
10384bbcc1af986315c97b98f2fe52a95ee4b2758ce2a1df3048f736e4d625db,167.7 x 77.4 x 8.5 mm,192 g,Anti Spy Privacy Tempered Glass Screen Protector,Nano-SIM + Nano-SIM,
01b68a670862d23c1a4b2e491dba95308becce2a1c8d3fc531fc2be8a9283b88,164.2 × 75.3 × 8.6 mm,185 g,"Glass front, Plastic frame, Plastic back","Nano-SIM, Dual SIM (Nano-SIM, dual stand-by)",-
b40c3c3d5f614cc3b6b5d468987340cc6139b22b192dea93c41476a970a48247,163.6 x 74.9 x 8.6 mm,205.5 g,"Glass front, glass back",Nano-SIM,-
ed05bd8f6d9d13047b266c34e20f02c108451606327c01498ec1cb057c7a4d22,166 x 76.1 x 8.5 mm,208 g,Dimensions 166 x 76.1 x 8.5 mm (6.54 x 3.00 x 0.33 in),Nano-SIM,-
8e10517736cf4542ff3b069e517fc1007fcd4091d841073ccb958b20bf2b0ac8,164.5 x 77.2 x 8.6 mm,227 g,"Glass front, aluminum frame, glass back","Dual SIM (Nano-SIM, dual stand-by)",IP68/IP69 dust tight and water resistant
4b23bd3b2fd9e8e3c0871c86fc6b95a854148640a57072ddfcd7c64fb4ca6288,165 x 76.1 x 8.3 mm,207 g,"Glass front, plastic frame, glass back",Nano-SIM,-
