record_key,type,size,resolution,protection
0af0834a9b0030fa27d5c862c19ef84c8396626b06629dfeefa3236307e2a65b,120Hz,6.7 inches,1290 x 2796 pixels,Ceramic Shield glass
06196e63ddee837e16c691bb9cae491af10bb4f5b9e0ebb198d10f127449b7f8,60Hz,6.1 inches,1179 x 2556 pixels,Ceramic Shield glass
c0860ba81428f4d058c75cb5bfb41dde468ba46c59058d72c5ee7d602fd61891,120Hz,6.3 inches,1206 x 2622 pixels (~460 ppi),"Ceramic Shield glass (2024 gen), Mohs level 4"
d096ec39921c9807f2684b2d1fd5df12ca441cda63984e48d229fe1326096b62,60Hz,6.1 inches,1179 x 2556 pixels (~460 ppi),"Ceramic Shield glass (2024 gen), Mohs level 4"
2bfd91b88fe8d14165f0013ba2d382a70cae44c47d9a6c0752d3d0f8595412f4,120Hz,6.9 inches,1320 x 2868 pixels,"Ceramic Shield 2, Mohs level 5"
2cdc6e69eb9a87f0adfb93114e4d62677d475d8ee6d7b39f9f39afe9122fdeef,120Hz,6.3 inches,1206 x 2622 pixels,Ceramic Shield 2
db0d1f96c359212873bcfd0236cab15e7f773d60991124a69ce6f7c4afebbc75,120Hz,8.0 inches,2076x2160 px,"Corning Gorilla Glass, Glass Victus 2"
5541c9cf5d6150ad083e5c2a56d08b025471760ee254e45784c1c33af84fb665,120Hz,6.8 inches,1344 x 2992 pixels (~482 ppi),Corning Gorilla Glass Victus 2
1df445ca2ed8807917645dd112528d85c5706c05acf00dac1523568e3ada7c2c,120Hz,6.3 inches,1280 x 2856 pixels (~497 ppi),Corning Gorilla Glass Victus 2
b9aeaf3a1e004952252adcea5d0301679f4222c45835ceb9dd6521d5b4b8b3bc,120Hz,6.3 inches,1280 x 2856 pixels (~497 ppi),Corning Gorilla Glass Victus 2
5749518c03f439501c7fb2d6302ccc16ac9eddff3c549dc61a99707a5b14e241,90Hz,6.4 inches,1080 x 2400 pixels,Corning Gorilla Glass Victus
6ee5434d383071c3946cfa40a5d0f00af72264ee72e3737c29cb5fe63bd59ebe,120Hz,6.3 inches,"1280 x 2856 pixels, 20:9 ratio (~495 ppi density)","Corning Gorilla Glass Victus 2, Mohs level 4"
5026d9034ab88e6a612d214368c63e860c3610797bc4a44be3569f2ec1ef72e8,120Hz,6.8 inches,1280 x 2800 pixels (~453 ppi),"NanoCrystal Shield, Mohs level 5"
7f7ace3bec0293b57346513f8ac8dd362dbf54ed56185f68768a9c685550ff15,120Hz,6.8 inches,1280 x 2788 pixels (~451 ppi),Not Announced
f240745169b1a082c5fbc782f4aacccdd6b993b16e55688fa14fc11fff656772,90Hz,6.82 inches,720 x 1640 pixels (~263 ppi),-
9ecbee5b3fcf21a88e08df109fd0e68b88bd60887eaf9cf875414a726dd2efaf,120Hz,6.78 inches,1080 x 2460 pixels (~396 ppi),
e63e275d01f005f86f4b4d558fab50d0250bcf149f3ed858677b23a95c4b0688,90Hz,6.56 inches,720 x 1612 pixels (~269 ppi),-
74eac418ee3d40fdc6507785b17b5f3c223561f85228295530179d84b62b8f42,144Hz,6.76 inches,1080 x 2344 pixels,IPS LCD
13fab7900804959e2b23c6a8d601f77f01abaa6b58b5dd3f15097f6057ea3910,120Hz,6.78 inches,720 x 1576 pixels (~256 ppi),
7e8c91315e2751131a8fbd82592fa6628b861596f9de1002fb773416938d064e,120Hz,6.67 inches,1080 x 2400 pixels (~395 ppi),
1ca286a5dfafe4cfb3e21376fb9e2fb1d80d08bac9f05e93681b22dd135a0da5,120Hz,6.78 inches,1080 x 2436 pixels (~393 ppi),Corning Gorilla Glass
1809edbf46e9320d182f3d2dfc7202d72096bc67598559bb5f2635af4441382c,120Hz,6.78 inches,1080 x 2436 pixels (~393 ppi),Corning Gorilla Glass
127b86b3b003198ee601f290106acad35c0637bf08de9d4dcff2a7ee04380899,120Hz,6.78 inches,720 x 1600 pixels (~259 ppi),
e1390c2cbafdedd71bbf06bcb519c4a6e59129ced85689554fb817ea0b8adcc3,90Hz,6.6 inches,720 x 1612 pixels (~267 ppi),
a36f08a596827990459f92aa06fc4fc0ca5a6ec61e2384747a6994b1da97ea09,90Hz,6.6 inches,720 x 1612 pixels (~267 ppi),
e7a4577fb3f945edfabdedd34e667dcbf569b736d68f180aa8ffdad20ee2e944,120Hz,6.7 inches,720 x 1600 pixels (~262 ppi),
152e829ac65b28b3c5c627b47d7d95c971feb5f83d39300809427f3a10b5120b,144Hz,6.78 inches,1080 x 2400 pixels,Corning Gorilla Glass 5
4943b8dbafcffdb862701380603703e7d96513059e1a6f26a8ec04189d979dd0,60Hz,6.1 inches,1170 x 2532 pixels (~460 ppi),Ceramic Shield glass
8f807756ab75c0b0e08d51dd5f5518741058d35552ada025111b98a5efed8e93,60Hz,6.1 inches,1170 x 2532 pixels (~460 ppi),Ceramic Shield glass
b0e9282ea87e56d49ffbc282e8d46544aea773c147fdabd68f84ab30c038c01c,60Hz,6.7 inches,1290 x 2796 pixels (~460 ppi),Ceramic Shield glass
f5c0168081a025c1f71da889bc9b5659f09b36a3465cd81aac705379ee9f869f,120Hz,6.9 inches,1320 x 2868 pixels (~460 ppi),Ceramic Shield 2
2d0b0b72b2ad0752777354bec00cb7cf3564b072d08c4aa9dfa410c0e52c4097,60Hz,6.6 inches,720 x 1612 Pixels (~267 PPI),-
388c001a6ee3a4502122951106624535c0fb164e41ff787a0db6271dbe0d9f4c,60Hz,6.3 inches,720 x 1520 pixels (~267 ppi),_
17922b12bf621dc05b225857fa15777140243d113932d5780b0b9b5866e25965,60Hz,6.6 inches,720 x 1612 pixels (~267 ppi),N/A
994520575d5580547ea7d090e3118a52dd60f579ac91316c331d6bb398facc4d,N/A,2.4 inches,N/A,N/A
a6860572b22d3702b81231c2a53be5263e3f0f0ea287d97d2efd440b5ed8817e,90Hz,6.6 inches,720 x 1612 pixels (~267 ppi),
97d3bd819fdc0a391154449727a68761a793ce547b49e92ad6f00f9a38e9f79f,120Hz,6.78 inches,720 x 1576 pixels (~256 ppi),
012fe72c161b3c4165cd30f7837da682a14ed7889900de9e1b91b420340ebc6f,60Hz,6.78 inches,1080 x 2400 pixels (~388 ppi),Corning Gorilla Glass 5
4b6748eeff86c9be0261dbe7bd33d9018ebefb6579b62b900c1ba74abfa50401,90Hz,6.6 inches,"720 x 1612 pixels, 20:9 ratio (~267 ppi density)",-
79ca26acd14a2ce3dd948f0874968c622244356ada818abb169af3d7f38f0491,120Hz,6.78 inches,1272 x 2772 pixels (~450 ppi),"Corning Gorilla Glass 7i, Mohs level 4"
851afc357823cdda4a9a42ca5f0d4c0e118d43155b2a9005f1d89b5a6d1030f5,90Hz,6.5 inches,720 x 1600 pixels (~270 ppi),-
42aeffe211dcca3faf7e1c777534538bd5c171754b5d06210a08962356b556a9,60Hz,6.52 inches,720 x 1600 pixels (~269 ppi),Corning Gorilla Glass 3
93ee8dadac86e6ab7b20ad6356d9c9a8779519ce6de45e7f370d098af97a6d59,60Hz,6.52 inches,720 x 1600 pixels (~269 ppi),Corning Gorilla Glass 3
b7a58e69da0f3277a1cafafdbfaf6d039e37c2001f1bde4fdfec102f392222a7,60Hz,6.56 inches,720 x 1612 pixels,-
447c68d038da2f7ed01920664a5691a8d1fd108661fe32c3ec550d0b5e522090,90Hz,6.56 inches,720 x 1612 pixels (~269 ppi),-
b86adff8e7e5483cb6073189fe7cb72955beb4eaa0aaa5617d476906e2e70fb5,90Hz,6.56 inches,720 x 1612 pixels (~269 ppi),-
42d20c08ebb7ab8a67ae474e592dcc7710f9e3064b3f97c7b42adffff2e5ce49,90Hz,6.56 inches,720 x 1612 pixels (~269 ppi),Panda glass
a33a25ab4c102d4fb875fa71246a1bf27aa07b37e2f30b2f61e3c75a088e5647,90Hz,6.59 inches,1080 x 2412 pixels (~401 ppi),-
99a675d340236d3680ac1c71009dda172317439aa8a28ed781eaebd8535a670d,90Hz,6.43 inches,1080 x 2400 pixels,Corning Gorilla Glass 5
290eda6ec340f96f3659a4e01214ebf99991c2e82c7baf4565f457e6108142fa,120Hz,6.7 inches,"1080 x 2412 pixels, 20:9 ratio (~394 ppi density)",Asahi Glass AGC DT-Star2
237629b760ca3e3e260e79952f3ad61a3718068a8f902f689a38903658f830d7,120Hz,6.7 inches,1080 x 2412 pixels (~394 ppi),Panda glass
1550a41eb312ca70a21daf3d3acbb1485fdc657529ed64c7d7420013930e7c15,144Hz,6.78 inches,1272 x 2772 pixels (~450 ppi),AGC DT star D+
5cd0b5087473cd14112d08034c9d4548a3cfaf63ad9c40d89cdd788b70ed4d59,90Hz,6.6 inches,1080 x 2400 pixels (~399 ppi),Corning Gorilla Glass 5
b949b471015abc7c3b351a1776b32f34a2a4fe0078609541972530e3e044d31b,120Hz,6.8 inches,720 x 1570 pixels (~254 ppi),Panda MN228 or Corning Gorilla Glass
7c185f2d927bb9a2cc3268517f37b4f77553bc1c957857a55c1510f38bd1e8a1,90Hz,6.74 inches,1080 x 2400 pixels (~390 ppi),
74cfdff5d75f29450cf445790521db912c7ae1808986d0d0b9f5c2ada3ab00d6,90Hz,6.75 inches,720 x 1600 pixels (~260 ppi),
5158e4a7ae7052e0c0a25961ce016d3dadb64041a43ba60c2dcc839d42f29bf2,90Hz,6.72 inches,1080 x 2400 pixels (~392 ppi),-
cc82dcf2f9f934951d147bbd4db58cdc64bd7f0ea0e53d99f4d16673afea4bbe,144Hz,6.8 inches,1570 x 720 pixels,Corning Gorilla Armor 2
85deb17819703c8a2b72ef84c4f4c2bf16a5198c3bf1bdab88af8553b713ba4d,90Hz,6.74 inches,720 x 1600 pixels (~260 ppi),
90d6a2abd9a4f9daf6719fe211d82ebbd7e7229919105866881970939b804883,144Hz,6.81 inches,720 x 1570 pixels (~254 ppi),Panda-1681 glass
bdf0b8709ce7ece9511a757e66c5478af4dc57597039cb24ddba65c0da62d832,60Hz,6.71 inches,720 x 1650 pixels (~268 ppi),-
d67f60d6a9f191e5ad9a61a12e75f55c875539ca6233228753d7767f77bf82cb,60Hz,6.52 inches,720 x 1600 pixels (~269 ppi),-
f125729dac65fea964f35ab67e756e5f51a3a3e28b202494f301701646ead02a,90Hz,6.71 inches,720 x 1650 pixels (~268 ppi),Corning Gorilla Glass 3
10ab98030450c7c19db32494aaff90c8d6ba3b260ed9d1d7802a10b3991a0b61,120Hz,6.67 inches,1080 x 2400 pixels,Corning Gorilla Glass 3
2d1e1481797ec3df7cad855c625dd0a4c916e3f1d61ac20e2c0951b5ae1fa3b0,120Hz,6.67 inches,1220 x 2712 pixels,Corning Gorilla Glass Victus
9912446ca221c308265d86df4cd39d4a8db153928c98b95701e626af7e20647a,120Hz,6.67 inches,1080 x 2400 pixels (~395 ppi),"Corning Gorilla Glass Victus 2, Mohs level 5"
f6746dfe4af20be8922cf739a7f59ae0a05ee4083da287ee10a581f4b6e2565e,90Hz,6.43 inches,1080 x 2400 pixels,-
8195f7c5c3f8c98de40761bdf030c2d813df9eed4529e1491202c5dc0cd7d35c,60Hz,6.5 inches,720 x 1600 pixels (~270 ppi),
67db11b9acdbba31624b06183045531c2485db5d5bdee95a33333665e066cfbc,90Hz,6.5 inches,720 x 1600 pixels (~270 ppi),-
56b0fec02448f91243cb22cffafa023ee50c4fb03d7ec9aa73717fa50d9f9d00,90Hz,6.7 inches,1080 x 2400 pixels (~393 ppi),-
5c02241ece6ed0f915531fde16e4195b308323013471818497f243bdb74c7694,120Hz,6.5 inches,1080 x 2340 pixels (~396 ppi),-
03cf5bf9d6b833baabc692848d4318071990b6439cf0687a4ed309da1090cec1,90Hz,6.7 inches,720 x 1600 pixels,Not specified
479197be9e595ca04ab37e59dbffdb76e446342ea19b9abd62668b06703bac69,90Hz,6.7 inches,1080 x 2340 pixels (~385 ppi),Mohs level 5
669207706646419f4b6db219917c71eb09d88ec24caf7a3ddbbaee42c69dcb10,90Hz,6.7 inches,1080 x 2340 pixels (~385 ppi),"Corning Gorilla Glass Victus, Mohs level 5"
47f7f73ae80264137a7c3b63f5f0c8909e4b8874ff404d4cff28478076068c39,,6.4 inches,"1080 x 2400 pixels, 20:9 ratio (~411 ppi density)",Corning Gorilla Glass 5
840651d4736e14a9f00468c2d3ecaf28139a84e4574d9bb3ee789fa5b1be5b32,120Hz,6.4 inches,1080 x 2340 pixels,Corning Gorilla Glass 5
66b25b30ff78584501c86018fc0950b6760951c5dd91299768271a326da94031,120Hz,6.2 inches,1080 x 2340 pixels,Corning Gorilla Glass Victus 2
41724748957ccc6c33e688e94f814b1e40a0d211c7cf1f1d107997a67925dd91,120Hz,6.7 inches,1080 x 2640 pixels (~425 ppi),Gorilla Glass Victus 2
cdfc40a69fbdd347e536459b97a9cbafba3ff33238741c92be16938d51ffe277,120Hz,7.6 inches,1812 x 2176 pixels (~373 ppi),Corning Gorilla Glass Victus 2
f6c350dad63cc400616489c7737d26b77664ee2767f7154215a238836fff46b7,120Hz,7.6 inches,1812 x 2176 pixels (~373 ppi density),Gorilla Glass Victus+)
01dbc31aa4b8fb28aff18810f7d78c5604796416bd011d0a55a1e8d07ec9ba0c,60Hz,6.52 inches,720 × 1600 Pixels (~269 PPI),Corning Gorilla Glass
f6749884b568549b59cf921c29029d3ca1df6d6124677254aff9a222f9b24615,60Hz,6.56 inches,720 x 1612 pixels (~269 ppi),-
4de9e009cf75c628ec3fd32f00afeb750e574f8a9b7897dbdf0a80518d77a5a8,60Hz,6.5 inches,720 x 1600 Pixels (~269 PPI),Corning Gorilla Glass
a0ebfc5406bfcff6d4d441670d3a205955336803e80238607308054d9dd4d6eb,60Hz,6.52 inches,720 x 1600 Pixels (~269 PPI),Corning Gorilla Glass
68f5d96034fc54273bf09625b4d05faeee11a7dd87f29fb6ffd1d001ed545db7,60Hz,6.7 Inches,720 x 1600 Pixels (~262 PPI),-
f6e81b9dc89fb49f2fa8829f1df382397d01913c86b27fab23590a894777fb82,60Hz,6.6 inches,720 x 1600 pixels (~267 ppi),-
f8e725516ec20df7ba69fbd5be0e7567fb15e266156614554317b7284b69cc3d,90Hz,6.56 inches,720 x 1600 Pixels (~267 PPI),Corning Gorilla Glass
54648b79958a27128530b56cf102a0f1f39240b49addca3f36d7b45876d1c1a6,120Hz,6.67 inches,1080 x 2400 Pixels (~395 PPI),-
5b422034ca0e17ca05903b0b809dc1a7a17d48c0b8217991464b539db1aca09c,60Hz,5.5 Inches,720 x 1600 Pixels (~322 PPI),-
62363c6285e84d8ce0cfcdf37367e3d4a834b01cb2143abf10638189fd689fd1,60Hz,5.5 inches,480 x 960 Pixels (~197 PPI),Corning Gorilla Glass
d3cb8585249f1a5381131760f3c761a9abda9dda5f0e593db834d66952f14b95,60Hz,5.45 Inches,480 x 960 Pixels (~197 PPI),Corning Gorilla Glass
772282d4070825e03eae7ee7728381c837dbb62dc2d4c1a82bf6915c8eabe4e8,60Hz,6.1 inches,720 x 1600 pixels (~288 ppi),-
bd242006a222c5f14432aed2b0bfcac3e73b4ca464b76e74bddc62aee3b4f8bf,120Hz,6.8 Inches,1080 x 2400 Pixels (~388 PPI),-
2c9a505dcc38a2e4dc6e9af4baf8ba2df40c4722e2b0b2d7373ac89cfbeffee6,120Hz,6.67 inches,1080 x 2400 pixels (~395 ppi),
05e6d0d1fc7c6c845029d2a6a8ac7c9f1a15e51c1316cb882cd627acb4d1a173,120Hz,6.67 inches,1080 × 2400 Pixels (FHD+),
c99b6b7062155c55de41432597f4ec3556c92f5c50065bada9c03af3a4c595d3,144Hz,6.78 inches,1080 x 2436 pixels (~393 ppi),
0bc886745b141d5179472de40aac29b65293d133bb9eb535f1f4dce41718887d,144Hz,6.78 inches,1208 x 2644 pixels (~429 ppi),
1b20d46faa9ef4bb659a07e707a08d648002d41c696d0432e98d103a5cb0637c,120Hz,6.9 inches,1080 x 2640 pixels (~413 ppi),-
ed6e7d04bc018a8b4a3e851a7b752041a1abe026a56790c6624f49af3651179f,60Hz,6.6 inches,720 x 1612 pixels (~267 ppi),
be0dd621914a93027abbda47a8278bf3e7a26c1c150715d5b72c155fb506439a,120Hz,6.78 inches,1080 x 2460 pixels (~396 ppi),-
e88be5579608e9fa0b0256b7704e28da997cbe8458449f338bd8d9013e97a6ec,90Hz,6.8 inches,1080 x 2460 pixels (~396 ppi),
8154fd53709dc9f251a6290e88d49f55ae224ffc671cbddc698e155b3472c97e,90Hz,6.6 inches,720 x 1612 pixels (~267 ppi),
963ef458ac59cde3de1c7e10f397c5e173b7fdcaac26c3f26e669cc4b8ec05e8,120Hz,6.78 inches,1080 x 2436 pixels (~393 ppi),Corning Gorilla Glass 5
eefb2a1b576528a7c4000c8259f043b366ba1d4c28b6419bf5827b16ac388680,120Hz,6.78 inches,1080 x 2460 pixels (~396 ppi),
d4eb7b1b01870c1f1d651b5ec091b60b64f17d103225c85fd6d8048bda32d42e,90Hz,6.6 inches,720 x 1612 pixels (~267 ppi),
0a8e1ad2a7204df0576bf01e19642dc19ac72f60760d1e68a80f2fe1f0eb4255,90Hz,6.6 inches,720 x 1612 pixels (~267 ppi),
42935071e3b5dd40475917176edab7e38ba122d89aff08136caaf851d44d08b5,120Hz,6.78 inches,720 x 1600 pixels (~259 ppi),
50a54cdb89b576704c5ef8c6f643308f0782f1f1f1aab80e610c1432ceb38321,90Hz,6.6 inches,720 x 1612 pixels,
a7f0b414b79bad68b217ba261e0869268ff7776337c2e41a9f17001f881cd487,120Hz,6.83 inches,1260 x 2800 pixels (~450 ppi),
80b1b5d6746387c176ca4baf2ed30740a92d08ad1118b960a584008e1f98d1d0,120Hz,6.62 inches,1080 x 2400 pixels (~398 ppi),
6d9b506fb3e0bd095878d0f1554e04fb7ce5d72f4efbd55d50e9e5fdd783b38d,120Hz,6.78 inches,1260 x 2800 pixels (~453 ppi),
898e9e9fccce84e9a65a8675a5098e506572a1be049f37a9b67ad36fed3cf46d,120Hz,6.78 inches,1260 x 2800 pixels (~453 ppi),Schott Alpha
48e05c7684304b53671580cd3471d12249aa8f28a3f92c53ff2562413a9988c2,120Hz,6.77 inches,1080 x 2392 pixels (~388 ppi),Schott Xensation Core
1017bc3a83c563bfd456fdedc562b333b3a4c9f6c94ff5f18a582cc0827719ac,120Hz,6.83 inches,1260 x 2800 pixels (~450 ppi),IP68/IP69 dust tight and water resistant (high pressure water jets; immersible up to 1.5m for 30 min)
f2282414beb59035d1d1cd61b7939d19874edac205ecb0c0e5026258e487aff2,120Hz,6.59 inches,1260 x 2750 pixels (~459 ppi),"Schott Xensation Core, Mohs level 4"
0552705b0ed0ab1c8b375618cd85a26357391e22337b0bef4d5b32b4f3ceb211,120Hz,6.31 inches,1216 x 2640 pixels (~461 ppi),Mohs level 4
0476a1bd91b56692bf90bebeae9ac43ae0649755bd68a6d6d97ba5abeadf5208,60Hz,6.51 inches,720 x 1600 pixels (~270 ppi),
5c48b78729b2382900cb21be49c2b964e408fa6ebc6e3af85d5965ffd9bc8dd0,90Hz,6.56 inches,720 x 1612 pixels,-
acc00caec9e3f6f2683de16afe396838a703c3d94fb8dfd6a0582b78bda22c0e,90Hz,6.74 inches,720 x 1600 pixels (~260 ppi),Mohs level 5
0c2e16185adc90d74d8e543afdb61159f67907214a500dca1255844ffaf76532,90Hz,6.38 inches,1080 x 2400 pixels (~413 ppi),
d6258340c0cdfaa37149a9c866739626f08b44b8dbee769c5e3c986307ebfd11,90Hz,6.56 inches,720 x 1612 pixels (~269 ppi),-
6b1d4368838f3ae6a0cbf55e573873d6f70202417140a0f8e25da585a520d10c,,6.51 inches,720 x 1600 pixels (~270 ppi),
0ae85f58df1ecd24fb888b6b2011d70be4f688e0eab7b89428fdaca105576710,90Hz,6.64 inches,1080 x 2388 pixels (~395 ppi),
9ec75565cd49b849bac61d0c918ecc28799865705efd53fcb4c2ed81df77430c,90Hz,6.68 inches,720 x 1608 pixels (~264 ppi),-
2a3939d09cc290f5e5f24660699dd3ed2bd4c3b60c113c5d4f8dfb1cfd9b5ab9,120Hz,6.67 inches,1080 x 2400 pixels,Corning Gorilla Glass 5
67718b01eed88cb7e11ce2bcd984a4b9a0184e39add623edb597a929523ee0e9,120Hz,6.67 inches,1220 x 2712 pixels,Corning Gorilla Glass 5
d6b48bef27ea15a79d2b5d2b2ddae3264412b440a03c818ba890a631071b5f5c,,6.74 inches,"720 x 1600 pixels, 20:9 ratio (~260 ppi density)",Corning Gorilla Glass
da0fd0827071c34eaf63199e0482288ed81e74f9ca3b6f2bf06dae8f1ca0d3ab,120Hz,6.88 inches,720 x 1640 pixels (~260 ppi),Corning Gorilla Glass 3
d23d66b128f7671e006356693f47aef0bd9ea7c349729cf5067458915a65cf1f,90Hz,6.75 inches,720 x 1600 pixels,-
e90b91703461adb5350ce9493753350455c80d4fc76447e284ed076c1106b244,90Hz,6.6 inches,720 x 1612 pixels (~267 ppi),-
10384bbcc1af986315c97b98f2fe52a95ee4b2758ce2a1df3048f736e4d625db,90Hz,6.75 inches,720 x 1600 pixels (~260 ppi),
01b68a670862d23c1a4b2e491dba95308becce2a1c8d3fc531fc2be8a9283b88,90Hz,6.6 inches,720 × 1612 pixels,—
b40c3c3d5f614cc3b6b5d468987340cc6139b22b192dea93c41476a970a48247,120Hz,6.56 inches,720 x 1612 pixels,-
ed05bd8f6d9d13047b266c34e20f02c108451606327c01498ec1cb057c7a4d22,120Hz,6.72 inches,1080 x 2400 pixels,-
8e10517736cf4542ff3b069e517fc1007fcd4091d841073ccb958b20bf2b0ac8,144Hz,6.85 inches,1216 x 2688 pixels (~431 ppi),Unspecified
4b23bd3b2fd9e8e3c0871c86fc6b95a854148640a57072ddfcd7c64fb4ca6288,60Hz,6.6 inches,1080 x 2408 pixels (~400 ppi),-
