record_key,wlan,bluetooth,positioning,nfc,infrared_port,radio,usb,back_finger_print,side_finger_print,in_display_finger_print,sensors
0af0834a9b0030fa27d5c862c19ef84c8396626b06629dfeefa3236307e2a65b,"Wi-Fi 802.11 a/b/g/n/ac/6e, tri-band, hotspot","5.3, A2DP, LE","GPS (L1+L5), GLONASS, GALILEO, BDS, QZSS, NavIC",true,false,false,"USB Type-C 3.2 Gen 2, DisplayPort",false,false,false,"Face ID, accelerometer, gyro, proximity, compass, barometerUltra Wideband (UWB) support (gen2 chip)Emergency SOS, Messages and Find My via satellite"
06196e63ddee837e16c691bb9cae491af10bb4f5b9e0ebb198d10f127449b7f8,"Wi-Fi 802.11 a/b/g/n/ac/6, dual-band, hotspot","5.3, A2DP, LE","GPS, GLONASS, GALILEO, BDS, QZSS",true,false,false,"USB Type-C 2.0, DisplayPort",false,false,false,"Face ID, accelerometer, gyro, proximity, compass, barometerUltra Wideband (UWB) support (gen2 chip)Emergency SOS, Messages and Find My via satellite"
c0860ba81428f4d058c75cb5bfb41dde468ba46c59058d72c5ee7d602fd61891,"Wi-Fi 802.11 a/b/g/n/ac/6e/7, tri-band, hotspot","5.3, A2DP, LE","GPS (L1+L5), GLONASS, GALILEO, BDS, QZSS, NavIC",true,false,false,"USB Type-C 3.2 Gen 2, DisplayPort",false,false,false,"Face ID, accelerometer, gyro, proximity, compass, barometerUltra Wideband (UWB) support (gen2 chip)"
d096ec39921c9807f2684b2d1fd5df12ca441cda63984e48d229fe1326096b62,"Wi-Fi 802.11 a/b/g/n/ac/6/7, tri-band, hotspot","5.3, A2DP, LE","GPS, GLONASS, GALILEO, BDS, QZSS",true,false,false,"USB Type-C 2.0, DisplayPort",false,false,false,"Face ID, accelerometer, gyro, proximity, compass, barometerUltra Wideband (UWB) support (gen2 chip)"
2bfd91b88fe8d14165f0013ba2d382a70cae44c47d9a6c0752d3d0f8595412f4,"Wi-Fi 802.11 a/b/g/n/ac/6e/7, tri-band, hotspot","6.0, A2DP, LE","GPS (L1+L5), GLONASS, GALILEO, BDS, QZSS, NavIC",true,false,false,"USB Type-C 3.2 Gen 2, DisplayPort",false,false,false,"Face ID, accelerometer, gyro, proximity, compass, barometerUltra Wideband (UWB) support (gen2 chip)"
2cdc6e69eb9a87f0adfb93114e4d62677d475d8ee6d7b39f9f39afe9122fdeef,"Wi-Fi 802.11 a/b/g/n/ac/6e/7, tri-band, hotspot","6.0, A2DP, LE","GPS (L1+L5), GLONASS, GALILEO, BDS, QZSS, NavIC",true,false,false,"USB Type-C 3.2 Gen 2, DisplayPort",false,false,false,"Face ID, accelerometer, gyro, proximity, compass, barometerUltra Wideband (UWB) support (gen2 chip)"
db0d1f96c359212873bcfd0236cab15e7f773d60991124a69ce6f7c4afebbc75,"Wi-Fi 6 (802.11 a/b/g/n/ac/ax), MIMO",Yes,Yes with Glonass,false,false,false,,false,true,false,Yes
5541c9cf5d6150ad083e5c2a56d08b025471760ee254e45784c1c33af84fb665,"Wi-Fi 802.11 a/b/g/n/ac/6e/7, tri-band","6.0, A2DP, LE, aptX HD","GPS (L1+L5), GLONASS, GALILEO, BDS, QZSS, NavIC",true,false,false,USB Type-C 3.2,false,false,true,"Fingerprint (under display, ultrasonic), accelerometer, gyro, proximity, compass, barometer, thermometer (skin temperature)Ultra Wideband (UWB) supportSatellite SOS service"
1df445ca2ed8807917645dd112528d85c5706c05acf00dac1523568e3ada7c2c,"Wi-Fi 802.11 a/b/g/n/ac/6e/7, tri-band","6.0, A2DP, LE, aptX HD","GPS (L1+L5), GLONASS, GALILEO, BDS, QZSS, NavIC",true,false,false,USB Type-C 3.2,false,false,true,"Fingerprint (under display, ultrasonic), accelerometer, gyro, proximity, compass, barometer, thermometer (skin temperature)Ultra Wideband (UWB) supportSatellite SOS service"
b9aeaf3a1e004952252adcea5d0301679f4222c45835ceb9dd6521d5b4b8b3bc,"Wi-Fi 802.11 a/b/g/n/ac/6e, dual-band","6.0, A2DP, LE, aptX HD","GPS (L1+L5), GLONASS, GALILEO, BDS, QZSS, NavIC",true,false,false,USB Type-C 3.2,false,false,true,"Fingerprint (under display, ultrasonic), accelerometer, gyro, proximity, compass, barometer"
5749518c03f439501c7fb2d6302ccc16ac9eddff3c549dc61a99707a5b14e241,"Wi-Fi 802.11 a/b/g/n/ac/6e, dual-band, Wi-Fi Direct","5.2, A2DP, LE, aptX HD","GPS (L1+L5), GLONASS (G1), BDS (B1I+B1c+B2a), GALILEO (E1+E5a), QZSS (L1+L5)",true,false,false,USB Type-C 3.1,false,false,true,"Fingerprint (under display, optical), accelerometer, gyro, proximity, compass, barometer"
6ee5434d383071c3946cfa40a5d0f00af72264ee72e3737c29cb5fe63bd59ebe,"Wi-Fi 802.11 a/b/g/n/ac/6e/7, tri-band","5.3, A2DP, LE, aptX HD","GPS (L1+L5), GLONASS, GALILEO, BDS, QZSS, NavIC",true,false,false,USB Type-C 3.2,false,false,true,"Fingerprint (under display, ultrasonic), accelerometer, gyro, proximity, compass, barometer, thermometer (skin temperature)Ultra Wideband (UWB) supportSatellite SOS service"
5026d9034ab88e6a612d214368c63e860c3610797bc4a44be3569f2ec1ef72e8,"Wi-Fi 802.11 a/b/g/n/ac/6/7, dual-band, Wi-Fi Direct","5.4, A2DP, LE, aptX HD","GPS (L1+L5), GLONASS, BDS, GALILEO",true,true,false,"USB Type-C 3.2, DisplayPort 1.2, OTG",false,false,true,"Fingerprint (under display, ultrasonic), Face ID, accelerometer, gyro, proximity, compass"
7f7ace3bec0293b57346513f8ac8dd362dbf54ed56185f68768a9c685550ff15,"Wi-Fi 802.11 a/b/g/n/ac/6/7, dual-band","6.0, A2DP, LE, aptX HD, aptX Adaptive, aptX Lossless, LHDC 5, Auracast, ASHA","GPS (L1+L5), BDS (B1I+B1c+B2a), GALILEO (E1+E5a), QZSS (L1+L5), NavIC (L5), GLONASS",true,false,false,USB Type-C,false,false,true,"Fingerprint (under display), accelerometer, compass, gyro, proximity"
f240745169b1a082c5fbc782f4aacccdd6b993b16e55688fa14fc11fff656772,"Wi-Fi 802.11 a/b/g/n/ac, dual-band, Wi-Fi Direct",Yes,GPS,true,false,true,"USB Type-C 2.0, OTG",false,true,false,"Fingerprint (side-mounted), accelerometer, proximity, compass"
9ecbee5b3fcf21a88e08df109fd0e68b88bd60887eaf9cf875414a726dd2efaf,"Wi-Fi 802.11 a/b/g/n/ac, dual-band",Yes,GPS,true,false,true,"USB Type-C 2.0, OTG",false,true,false,"Fingerprint (side-mounted), accelerometer, gyro, proximity, compass"
e63e275d01f005f86f4b4d558fab50d0250bcf149f3ed858677b23a95c4b0688,"Wi-Fi 802.11 a/b/g/n/ac, dual-band",Yes,GPS,true,false,true,"USB Type-C 2.0, OTG",false,true,false,"Fingerprint (side-mounted), accelerometer, proximity, compass"
74eac418ee3d40fdc6507785b17b5f3c223561f85228295530179d84b62b8f42,"Wi-Fi 802.11 a/b/g/n/ac, dual-band","5.4, A2DP, LE",GPS,true,true,true,"USB Type-C 2.0, OTG",false,true,false,"Fingerprint (side-mounted), accelerometer, gyro, proximity, compass"
13fab7900804959e2b23c6a8d601f77f01abaa6b58b5dd3f15097f6057ea3910,"Wi-Fi 802.11 a/b/g/n/ac, dual-band","5.4, A2DP, LE",GPS,true,true,true,"USB Type-C 2.0, OTG",false,true,false,"Fingerprint (side-mounted), accelerometer, gyro, proximity, compass"
7e8c91315e2751131a8fbd82592fa6628b861596f9de1002fb773416938d064e,"Wi-Fi 802.11 a/b/g/n/ac, dual-band, Wi-Fi Direct",Yes,GPS,true,false,true,"USB Type-C 2.0, OTG",false,true,false,"Fingerprint (side-mounted), accelerometer, gyro, proximity, compass"
1ca286a5dfafe4cfb3e21376fb9e2fb1d80d08bac9f05e93681b22dd135a0da5,"Wi-Fi 802.11 a/b/g/n/ac, dual-band",Yes,GPS,true,true,true,"USB Type-C 2.0, OTG",false,false,true,"Fingerprint (under display, optical), accelerometer, gyro, proximity, compass"
1809edbf46e9320d182f3d2dfc7202d72096bc67598559bb5f2635af4441382c,"Wi-Fi 802.11 a/b/g/n/ac, dual-band",Yes,GPS,true,false,true,"USB Type-C 2.0, OTG",false,false,true,"Fingerprint (under display, optical), accelerometer, gyro, proximity, compass"
127b86b3b003198ee601f290106acad35c0637bf08de9d4dcff2a7ee04380899,"Wi-Fi 802.11 a/b/g/n/ac, dual-band","5.0 with A2DP, LE",Yes + A-GPS support,true,true,true,"USB Type-C 2.0, OTG",false,true,false,"Fingerprint (side-mounted), accelerometer, proximity, compass"
e1390c2cbafdedd71bbf06bcb519c4a6e59129ced85689554fb817ea0b8adcc3,"Wi-Fi 802.11 a/b/g/n/ac, dual-band","5.0, A2DP, LE",GPS,false,false,true,"USB Type-C 2.0, OTG",false,false,false,"Fingerprint (side-mounted), accelerometer, proximity, compass"
a36f08a596827990459f92aa06fc4fc0ca5a6ec61e2384747a6994b1da97ea09,"Wi-Fi 802.11 a/b/g/n/ac, dual-band","5.0, A2DP, LE",GPS,false,false,true,"USB Type-C 2.0, OTG",false,true,false,"Fingerprint (side-mounted), accelerometer, gyro, proximity, compass"
e7a4577fb3f945edfabdedd34e667dcbf569b736d68f180aa8ffdad20ee2e944,"Wi-Fi 802.11 a/b/g/n/ac, dual-band",Yes,GPS,false,true,true,"USB Type-C 2.0, OTG",false,true,false,"Fingerprint (side-mounted), accelerometer, proximity, compass"
152e829ac65b28b3c5c627b47d7d95c971feb5f83d39300809427f3a10b5120b,"Wi-Fi 802.11 a/b/g/n/ac/6, dual-band",Yes,GPS,true,false,true,"USB Type-C 2.0, OTG",false,false,true,"Fingerprint (under display, optical), accelerometer, gyro, proximity, compass"
4943b8dbafcffdb862701380603703e7d96513059e1a6f26a8ec04189d979dd0,"Wi-Fi 802.11 a/b/g/n/ac/6, dual-band, hotspot","5.0, A2DP, LE","GPS, GLONASS, GALILEO, BDS, QZSS",true,false,false,"Lightning, USB 2.0",false,false,false,"Face ID, accelerometer, gyro, proximity, compass, barometerUltra Wideband (UWB) support"
8f807756ab75c0b0e08d51dd5f5518741058d35552ada025111b98a5efed8e93,"Wi-Fi 802.11 a/b/g/n/ac/6, dual-band, hotspot","5.3, A2DP, LE","GPS, GLONASS, GALILEO, BDS, QZSS",true,false,false,"Lightning, USB 2.0",false,false,false,"Face ID, accelerometer, gyro, proximity, compass, barometerUltra Wideband (UWB) supportEmergency SOS via satellite (SMS sending/receiving)"
b0e9282ea87e56d49ffbc282e8d46544aea773c147fdabd68f84ab30c038c01c,"Wi-Fi 802.11 a/b/g/n/ac/6, dual-band, hotspot","5.3, A2DP, LE","GPS, GLONASS, GALILEO, BDS, QZSS",true,false,false,"USB Type-C 2.0, DisplayPort",false,false,false,"Face ID, accelerometer, gyro, proximity, compass, barometerUltra Wideband (UWB) support (gen2 chip)"
f5c0168081a025c1f71da889bc9b5659f09b36a3465cd81aac705379ee9f869f,"Wi-Fi 802.11 a/b/g/n/ac/6e/7, tri-band, hotspot","6.0, A2DP, LE","GPS (L1+L5), GLONASS, GALILEO, BDS, QZSS, NavIC",true,false,false,"USB Type-C 3.2 Gen 2, DisplayPort",false,false,false,"Face ID, accelerometer, gyro, proximity, compass, barometer, Ultra Wideband (UWB) support (gen2 chip)"
2d0b0b72b2ad0752777354bec00cb7cf3564b072d08c4aa9dfa410c0e52c4097,"Wi-Fi 802.11 b/g/n, Wi-Fi Direct, hotspot","v5.0 with A2DP, LE",Yes + A-GPS support,false,false,true,microUSBv2.0,false,false,false,"Accelerometer, Compass, Fingerprint (rear mounted)"
388c001a6ee3a4502122951106624535c0fb164e41ff787a0db6271dbe0d9f4c,"Wi-Fi 802.11 b/g/n, Wi-Fi Direct, hotspot","v4.2 with A2DP, LE",Yes + A-GPS support,false,false,true,microUSB v2.0,false,false,false,"Accelerometer, Face ID, Fingerprint (rear mounted), Proximity"
17922b12bf621dc05b225857fa15777140243d113932d5780b0b9b5866e25965,Yes,Yes,GPS,false,false,true,USB Type-C 2.0,false,true,false,Fingerprint (side-mounted); unspecified sensors
994520575d5580547ea7d090e3118a52dd60f579ac91316c331d6bb398facc4d,N/A,Yes,N/A,false,false,true,N/A,false,false,false,N/A
a6860572b22d3702b81231c2a53be5263e3f0f0ea287d97d2efd440b5ed8817e,,Yes,GPS,true,false,true,"USB Type-C, OTG",false,true,false,Fingerprint (side-mounted)
97d3bd819fdc0a391154449727a68761a793ce547b49e92ad6f00f9a38e9f79f,"Wi-Fi 802.11 a/b/g/n/ac, dual-band, Wi-Fi Direct","v5.0 with A2DP, LE",Yes + A-GPS support,false,false,true,"USB Type-C, OTG",false,true,false,"Accelerometer, Fingerprint (side-mounted), Proximity"
012fe72c161b3c4165cd30f7837da682a14ed7889900de9e1b91b420340ebc6f,"Wi-Fi 802.11 a/b/g/n/ac, dual-band, Wi-Fi Direct","5.0, A2DP, LE",GPS,true,false,true,"USB Type-C 2.0, OTG",false,false,true,"Fingerprint (under display, optical), accelerometer, gyro, proximity, compass"
4b6748eeff86c9be0261dbe7bd33d9018ebefb6579b62b900c1ba74abfa50401,Yes,Yes,GPS,false,false,true,"USB Type-C 2.0, OTG",false,false,false,"Fingerprint (side-mounted), accelerometer"
79ca26acd14a2ce3dd948f0874968c622244356ada818abb169af3d7f38f0491,"Wi-Fi 802.11 a/b/g/n/ac, dual-band","5.4, A2DP, LE, aptX HD","GPS, GALILEO, GLONASS, BDS, QZSS",true,false,true,USB Type-C 2.0,false,true,false,"Fingerprint (side-mounted), accelerometer, gyro, proximity, compass"
851afc357823cdda4a9a42ca5f0d4c0e118d43155b2a9005f1d89b5a6d1030f5,"Wi-Fi 802.11 a/b/g/n/ac, dual-band, Wi-Fi Direct","5.0, A2DP, LE","GPS, GLONASS, GALILEO",true,false,true,"USB Type-C 2.0, OTG",false,true,false,"Fingerprint (side-mounted), accelerometer, proximity"
42aeffe211dcca3faf7e1c777534538bd5c171754b5d06210a08962356b556a9,"Wi-Fi 802.11 a/b/g/n/ac, dual-band, Wi-Fi Direct","5.0, A2DP, LE, aptX","GPS, GLONASS, GALILEO, BDS",false,false,true,"microUSB 2.0, OTG",false,false,false,"Accelerometer, proximity, compass"
93ee8dadac86e6ab7b20ad6356d9c9a8779519ce6de45e7f370d098af97a6d59,"Wi-Fi 802.11 a/b/g/n/ac, dual-band, Wi-Fi Direct","5.0, A2DP, LE, aptX","GPS, GLONASS, GALILEO, BDS",false,false,true,"microUSB 2.0, OTG",false,false,false,"Accelerometer, proximity, compass"
b7a58e69da0f3277a1cafafdbfaf6d039e37c2001f1bde4fdfec102f392222a7,"Wi-Fi 802.11 a/b/g/n/ac, dual-band",Yes,GPS,false,false,true,microUSB 2.0,false,true,false,"Fingerprint (side-mounted), accelerometer, proximity"
447c68d038da2f7ed01920664a5691a8d1fd108661fe32c3ec550d0b5e522090,"Wi-Fi 802.11 a/b/g/n/ac, dual-band, Wi-Fi Direct","5.2, A2DP, LE, aptX HD","GPS, GLONASS, GALILEO, BDS, QZSS",false,false,false,"USB Type-C 2.0, OTG",false,true,false,"Fingerprint (side-mounted), accelerometer, gyro, proximity, compass"
b86adff8e7e5483cb6073189fe7cb72955beb4eaa0aaa5617d476906e2e70fb5,"Wi-Fi 802.11 a/b/g/n/ac, dual-band","5.3, A2DP, LE, aptX","GPS, GALILEO, GLONASS, BDS, QZSS",false,false,false,"USB Type-C 2.0, OTG",false,true,false,"Fingerprint (side-mounted), accelerometer, proximity, compass"
42d20c08ebb7ab8a67ae474e592dcc7710f9e3064b3f97c7b42adffff2e5ce49,"Wi-Fi 802.11 a/b/g/n/ac, dual-band","5.3, A2DP, LE, aptX","GPS, GALILEO, GLONASS, BDS, QZSS",true,false,false,"USB Type-C 2.0, OTG",false,true,false,"Fingerprint (side-mounted), accelerometer, proximity, compass"
a33a25ab4c102d4fb875fa71246a1bf27aa07b37e2f30b2f61e3c75a088e5647,"Wi-Fi 802.11 a/b/g/n/ac, dual-band, Wi-Fi Direct","5.0, A2DP, LE, aptX HD","GPS, GLONASS, BDS, GALILEO, QZSS",true,false,false,"USB Type-C 2.0, OTG",false,true,false,"Fingerprint (side-mounted), accelerometer, proximity, compass"
99a675d340236d3680ac1c71009dda172317439aa8a28ed781eaebd8535a670d,"Wi-Fi 802.11 a/b/g/n/ac, dual-band, Wi-Fi Direct","5.1, A2DP, LE, aptX HD","GPS, GLONASS, BDS, GALILEO, QZSS",false,false,false,"USB Type-C 2.0, OTG",false,false,true,"Fingerprint (under display, optical), accelerometer, gyro, proximity, compass"
290eda6ec340f96f3659a4e01214ebf99991c2e82c7baf4565f457e6108142fa,"Wi-Fi 802.11 a/b/g/n/ac/6, dual-band, Wi-Fi Direct","5.3, A2DP, LE, aptX HD, LHDC","GPS, GLONASS, GALILEO, BDS, QZSS",true,true,false,"USB Type-C 2.0, OTG",false,false,true,"Fingerprint (under display, optical), accelerometer, gyro, proximity, compass"
237629b760ca3e3e260e79952f3ad61a3718068a8f902f689a38903658f830d7,,"5.2, A2DP, LE, aptX HD, LHDC","GPS, GLONASS, GALILEO, BDS, QZSS",true,false,false,"USB Type-C 2.0, OTG",false,false,true,"Fingerprint (under display, optical), accelerometer, gyro, proximity, compass"
1550a41eb312ca70a21daf3d3acbb1485fdc657529ed64c7d7420013930e7c15,"Wi-Fi 802.11 a/b/g/n/ac/6, dual-band","5.4, A2DP, LE, aptX HD, LHDC 5","GPS, GLONASS, GALILEO, BDS",true,true,false,"USB Type-C 2.0, OTG",false,false,true,"Fingerprint (under display, optical), accelerometer, gyro, proximity, compass"
5cd0b5087473cd14112d08034c9d4548a3cfaf63ad9c40d89cdd788b70ed4d59,"Wi-Fi 802.11 a/b/g/n/ac, dual-band, Wi-Fi Direct","5.1, A2DP, LE","GPS (L1+L5), GLONASS, BDS, NavIC",true,false,true,"USB Type-C 2.0, OTG",false,true,false,"Fingerprint (side-mounted), accelerometer, gyro, proximity, compass"
b949b471015abc7c3b351a1776b32f34a2a4fe0078609541972530e3e044d31b,"Wi-Fi 802.11 a/b/g/n/ac, dual-band","5.2, A2DP, LE","GPS, GALILEO, GLONASS, BDS",false,false,true,"USB Type-C 2.0, OTG",false,true,false,"Fingerprint (side-mounted), accelerometer, gyro, proximity, compass"
7c185f2d927bb9a2cc3268517f37b4f77553bc1c957857a55c1510f38bd1e8a1,"Wi-Fi 802.11 a/b/g/n/ac, dual-band","5.0, A2DP, LE","GPS, GLONASS, GALILEO",false,false,true,USB Type-C 2.0,false,true,false,"Fingerprint (side-mounted), accelerometer, gyro, proximity, compass"
74cfdff5d75f29450cf445790521db912c7ae1808986d0d0b9f5c2ada3ab00d6,"Wi-Fi 802.11 a/b/g/n/ac, dual-band","5.0, A2DP, LE","GPS, GALILEO, GLONASS, BDS",true,false,true,USB Type-C 2.0,false,true,false,"Fingerprint (side-mounted), accelerometer, gyro, proximity, compass"
5158e4a7ae7052e0c0a25961ce016d3dadb64041a43ba60c2dcc839d42f29bf2,"Wi-Fi 802.11 a/b/g/n/ac, dual-band","5.0, A2DP, LE","GPS, GALILEO, GLONASS, QZSS, BDS",true,false,true,USB Type-C 2.0,false,true,false,"Fingerprint (side-mounted), accelerometer, gyro, proximity, compass"
cc82dcf2f9f934951d147bbd4db58cdc64bd7f0ea0e53d99f4d16673afea4bbe,"Wi-Fi 802.11 a/b/g/n/ac, dual-band",5.0,"Beidou, GPS, GLONASS, Galileo, QZSS",false,false,false,Type-C,false,true,false,"Proximity sensor, Ambient light sensor, E-compass, Accelerometer, Side fingerprint sensor"
85deb17819703c8a2b72ef84c4f4c2bf16a5198c3bf1bdab88af8553b713ba4d,"Wi-Fi 802.11 a/b/g/n/ac, dual-band","5.0, A2DP, LE","GPS, GLONASS, GALILEO",false,false,true,USB Type-C 2.0,false,true,false,"Fingerprint (side-mounted), accelerometer, proximity, compass"
90d6a2abd9a4f9daf6719fe211d82ebbd7e7229919105866881970939b804883,"Wi-Fi 802.11 a/b/g/n/ac, dual-band","5.3, A2DP, LE, aptX HD, LHDC 5.0","GPS, GALILEO, GLONASS, QZSS, BDS",false,false,false,"USB Type-C 2.0, OTG",false,true,false,"Fingerprint (side-mounted), accelerometer, proximity, compass"
bdf0b8709ce7ece9511a757e66c5478af4dc57597039cb24ddba65c0da62d832,"Wi-Fi 802.11 a/b/g/n/ac, dual-band, Wi-Fi Direct","5.1, A2DP, LE","GPS, GLONASS, BDS, GALILEO",true,false,true,microUSB 2.0,false,false,false,"Fingerprint (rear-mounted), accelerometer, Virtual proximity sensing"
d67f60d6a9f191e5ad9a61a12e75f55c875539ca6233228753d7767f77bf82cb,Wi-Fi 802.11 a/b/g/n,"5.0, A2DP, LE","GPS, GLONASS, GALILEO, BDS",false,false,true,microUSB 2.0,false,false,false,"Fingerprint (rear-mounted), accelerometer"
f125729dac65fea964f35ab67e756e5f51a3a3e28b202494f301701646ead02a,"Wi-Fi 802.11 a/b/g/n/ac, dual-band","5.4, A2DP, LE","GPS, GLONASS, GALILEO, BDS",true,false,true,USB Type-C 2.0,false,true,false,"Fingerprint (side-mounted), accelerometer, compassVirtual proximity sensing"
10ab98030450c7c19db32494aaff90c8d6ba3b260ed9d1d7802a10b3991a0b61,"Wi-Fi 802.11 a/b/g/n/ac, dual-band","5.0, A2DP, LE","GPS, GLONASS, GALILEO",true,true,true,"USB Type-C 2.0, OTG",false,true,false,"Fingerprint (side-mounted), accelerometer, gyro, proximity, compass"
2d1e1481797ec3df7cad855c625dd0a4c916e3f1d61ac20e2c0951b5ae1fa3b0,"Wi-Fi 802.11 a/b/g/n/ac, dual-band","5.2, A2DP, LE","GPS, GLONASS, BDS (B1I+B1c), GALILEO, QZSS",true,true,true,"USB Type-C 2.0, OTG",false,false,true,"Fingerprint (under display, optical), accelerometer, gyro, compass, Virtual proximity sensing"
9912446ca221c308265d86df4cd39d4a8db153928c98b95701e626af7e20647a,"Wi-Fi 802.11 a/b/g/n/ac, dual-band","5.3, A2DP, LE","GPS, GALILEO, GLONASS, QZSS, BDS",true,true,true,"USB Type-C 2.0, OTG",false,false,true,"Fingerprint (under display, optical), accelerometer, proximity, gyro, compass"
f6746dfe4af20be8922cf739a7f59ae0a05ee4083da287ee10a581f4b6e2565e,"Wi-Fi 802.11 a/b/g/n/ac, dual-band","5.2, A2DP, LE","GPS (L1), GLONASS (G1), GALILEO (E1), BDS (B1)",true,true,true,USB Type-C 2.0,false,true,false,"Fingerprint (side-mounted), accelerometer, gyro, proximity, compass"
8195f7c5c3f8c98de40761bdf030c2d813df9eed4529e1491202c5dc0cd7d35c,"Wi-Fi 802.11 a/b/g/n/ac, dual-band, Wi-Fi Direct","5.0, A2DP, LE","GPS, GLONASS, GALILEO, BDS",false,false,true,USB Type-C 2.0,false,false,false,"Accelerometer, proximity"
67db11b9acdbba31624b06183045531c2485db5d5bdee95a33333665e066cfbc,"Wi-Fi 802.11 a/b/g/n/ac, dual-band, Wi-Fi Direct","5.0, A2DP, LE","GPS, GLONASS, BDS, GALILEO, QZSS",true,false,false,USB Type-C 2.0,false,true,false,"Fingerprint (side-mounted), accelerometer, Virtual Proximity Sensing"
56b0fec02448f91243cb22cffafa023ee50c4fb03d7ec9aa73717fa50d9f9d00,"Wi-Fi 802.11 a/b/g/n/ac, dual-band, Wi-Fi Direct","5.1, A2DP, LE","GPS, GLONASS, GALILEO, BDS, QZSS",true,false,true,USB Type-C 2.0,false,true,false,"Fingerprint (side-mounted), accelerometer, proximity"
5c02241ece6ed0f915531fde16e4195b308323013471818497f243bdb74c7694,"Wi-Fi 802.11 a/b/g/n/ac, dual-band, Wi-Fi Direct","5.3, A2DP, LE","GPS, GLONASS, GALILEO, BDS, QZSS",true,false,true,USB Type-C 2.0,false,true,false,"Fingerprint (side-mounted), accelerometer, gyro, compassVirtual proximity sensing"
03cf5bf9d6b833baabc692848d4318071990b6439cf0687a4ed309da1090cec1,"Wi-Fi 802.11 a/b/g/n/ac, dual-band, Wi-Fi Direct","5.3, A2DP, LE","GPS, GLONASS, GALILEO, BDS",false,false,true,USB Type-C,false,true,false,"Fingerprint (side-mounted), accelerometer, proximity, compass"
479197be9e595ca04ab37e59dbffdb76e446342ea19b9abd62668b06703bac69,"Wi-Fi 802.11 a/b/g/n/ac, dual-band, Wi-Fi Direct","5.3, A2DP, LE","GPS, GALILEO, GLONASS, BDS, QZSS",true,false,true,USB Type-C 2.0,false,true,false,"Fingerprint (side-mounted), accelerometer, compass, Virtual proximity sensing"
669207706646419f4b6db219917c71eb09d88ec24caf7a3ddbbaee42c69dcb10,"Wi-Fi 802.11 a/b/g/n/ac, dual-band, Wi-Fi Direct","5.3, A2DP, LE","GPS, GALILEO, GLONASS, BDS, QZSS",true,false,false,USB Type-C 2.0,false,true,false,"Fingerprint (side-mounted), accelerometer, gyro, compass, Virtual proximity sensing"
47f7f73ae80264137a7c3b63f5f0c8909e4b8874ff404d4cff28478076068c39,"Wi-Fi 802.11 a/b/g/n/ac, dual-band, Wi-Fi Direct","5.0, A2DP, LE","GPS, GLONASS, BDS, GALILEO",true,false,true,"USB Type-C 2.0, OTG",false,false,false,"Fingerprint (under display, optical), accelerometer, gyro, compassVirtual proximity sensing"
840651d4736e14a9f00468c2d3ecaf28139a84e4574d9bb3ee789fa5b1be5b32,"Wi-Fi 802.11 a/b/g/n/ac/6e, dual-band, Wi-Fi Direct","5.3, A2DP, LE","GPS, GLONASS, GALILEO, BDS",true,false,true,"USB Type-C, OTG",false,false,true,"Fingerprint (under display, optical), accelerometer, gyro, compassVirtual proximity sensingSamsung DeX (desktop experience support)"
66b25b30ff78584501c86018fc0950b6760951c5dd91299768271a326da94031,"Wi-Fi 802.11 a/b/g/n/ac/6e, tri-band, Wi-Fi Direct","5.3, A2DP, LE","GPS, GLONASS, BDS, GALILEO, QZSS",true,false,false,"USB Type-C 3.2, DisplayPort 1.2, OTG",false,false,true,"Fingerprint (under display, ultrasonic), accelerometer, gyro, proximity, compass, barometer"
41724748957ccc6c33e688e94f814b1e40a0d211c7cf1f1d107997a67925dd91,"Wi-Fi 802.11 a/b/g/n/ac/6e, tri-band, Wi-Fi Direct","5.3, A2DP, LE","GPS, GLONASS, GALILEO, BDS",true,false,false,"USB Type-C 3.2, OTG",false,true,false,"Fingerprint (side-mounted), accelerometer, gyro, proximity, compass, barometer"
cdfc40a69fbdd347e536459b97a9cbafba3ff33238741c92be16938d51ffe277,"Wi-Fi 802.11 a/b/g/n/ac/6e, tri-band, Wi-Fi Direct","5.3, A2DP, LE, aptX HD","GPS, GLONASS, GALILEO, BDS",true,false,false,"USB Type-C 3.2, OTG",false,true,false,"Fingerprint (side-mounted), accelerometer, gyro, proximity, compass, barometerSamsung DeX (desktop experience support)Ultra Wideband (UWB) support"
f6c350dad63cc400616489c7737d26b77664ee2767f7154215a238836fff46b7,"Wi-Fi 802.11 a/b/g/n/ac/6e, dual-band, Wi-Fi Direct","5.2, A2DP, LE, aptX HD","GPS, GLONASS, GALILEO, BDS",true,false,false,"USB Type-C 3.2, OTG",false,true,false,"Fingerprint (side-mounted), accelerometer, gyro, proximity, compass, barometer"
01dbc31aa4b8fb28aff18810f7d78c5604796416bd011d0a55a1e8d07ec9ba0c,"Wi-Fi 802.11 b/g/n, Hotspot",Bluetooth 5.0,"GPS, A-GPS",false,false,true,USB Type-C 2.0,false,true,false,"Fingerprint, Accelerometer (G-Sensor), Light Sensor, Proximity Sensor"
f6749884b568549b59cf921c29029d3ca1df6d6124677254aff9a222f9b24615,"Wi-Fi 802.11 b/g/n, hotspot","v5.1 with A2DP, LE",Yes + A-GPS support,false,false,true,microUSB 2.0,false,false,true,"Accelerometer, Fingerprint, Proximity"
4de9e009cf75c628ec3fd32f00afeb750e574f8a9b7897dbdf0a80518d77a5a8,"Wi-Fi 802.11 b/g/n, hotspot","v5.0 with A2DP, LE",Yes + A-GPS support,false,false,true,microUSB 2.0,false,true,false,"Accelerometer, Fingerprint (side mounted), Proximity"
a0ebfc5406bfcff6d4d441670d3a205955336803e80238607308054d9dd4d6eb,"Wi-Fi 802.11 b/g/n, hotspot","v5.0 with A2DP, LE",Yes + A-GPS support,false,false,true,microUSB 2.0,false,false,false,"FingerPrint, G Sensor, Light Sensor, Proximity"
68f5d96034fc54273bf09625b4d05faeee11a7dd87f29fb6ffd1d001ed545db7,"Wi-Fi 802.11 b/g/n, hotspot","v5.0 with A2DP, LE",Yes + A-GPS support,false,false,true,microUSB 2.0,false,false,false,"Fingerprint, G Sensor, Light Sensor, Proximity"
f6e81b9dc89fb49f2fa8829f1df382397d01913c86b27fab23590a894777fb82,"Wi-Fi 802.11 b/g/n, hotspot","v5.0 with A2DP, LE",Yes + A-GPS support,false,false,true,microUSB 2.0,false,false,true,"Fingerprint, G Sensor, Light Sensor, Proximity"
f8e725516ec20df7ba69fbd5be0e7567fb15e266156614554317b7284b69cc3d,"Wi-Fi 802.11 b/g/n, hotspot","v5.0 with A2DP, LE",Yes + A-GPS support,false,false,true,microUSB 2.0,false,false,false,"Accelerometer, Fingerprint (rear mounted), Proximity"
54648b79958a27128530b56cf102a0f1f39240b49addca3f36d7b45876d1c1a6,"Wi-Fi 802.11 a/b/g/n/ac/6, dual-band, Wi-Fi Direct","v5.1 with A2DP, LE","Yes + A-GPS support, & GLONASS, BDS",false,false,true,USB Type-C 2.0,false,true,false,"Accelerometer, Fingerprint (side-mounted), Gyro, Proximity"
5b422034ca0e17ca05903b0b809dc1a7a17d48c0b8217991464b539db1aca09c,"Wi-Fi 802.11 b/g/n, hotspot","v5.0 with A2DP, LE",Yes + A-GPS support,false,false,true,microUSB 2.0,false,false,false,"FingerPrint, G Sensor, Light Sensor, Proximity"
62363c6285e84d8ce0cfcdf37367e3d4a834b01cb2143abf10638189fd689fd1,"Wi-Fi 802.11 b/g/n, hotspot",VoLTE,Yes + A-GPS support,false,false,true,microUSB 2.0,false,false,false,"Accelerometer, Fingerprint (rear mounted), Proximity"
d3cb8585249f1a5381131760f3c761a9abda9dda5f0e593db834d66952f14b95,"Wi-Fi 802.11 b/g/n, hotspot",VoLTE,Yes + A-GPS support,false,false,true,microUSB 2.0,false,false,false,"Accelerometer, Fingerprint (rear mounted), Proximity"
772282d4070825e03eae7ee7728381c837dbb62dc2d4c1a82bf6915c8eabe4e8,"Wi-Fi 802.11 b/g/n, hotspot",VoLTE,Yes + A-GPS support,false,false,true,microUSB 2.0,false,false,false,"G Sensor, Light Sensor, Proximity"
bd242006a222c5f14432aed2b0bfcac3e73b4ca464b76e74bddc62aee3b4f8bf,"Wi-Fi 802.11 a/b/g/n/ac/6, dual-band, Wi-Fi Direct","5.1, A2DP, LE","Yes + A-GPS support, & GLONASS, BDS",false,false,true,USB Type-C 2.0,false,true,false,"Accelerometer, Fingerprint (side-mounted), Gyro, Proximity"
2c9a505dcc38a2e4dc6e9af4baf8ba2df40c4722e2b0b2d7373ac89cfbeffee6,Yes,Yes,GPS,true,false,true,"USB Type-C 2.0, OTG",false,false,true,"Fingerprint (under display, optical), accelerometer, proximity, compass"
05e6d0d1fc7c6c845029d2a6a8ac7c9f1a15e51c1316cb882cd627acb4d1a173,Wi-Fi 802.11 a/b/g/n/ac,Bluetooth 5.0,GPS,false,false,true,"USB Type-C 2.0, OTG",false,false,true,"Fingerprint, Accelerometer, Proximity, Compass"
c99b6b7062155c55de41432597f4ec3556c92f5c50065bada9c03af3a4c595d3,"Wi-Fi 802.11 a/b/g/n/ac, dual-band","5.3, A2DP, LE",GPS,true,true,true,"USB Type-C 2.0, OTG",false,false,true,"Fingerprint (under display, optical), accelerometer, gyro, compass"
0bc886745b141d5179472de40aac29b65293d133bb9eb535f1f4dce41718887d,"Wi-Fi 802.11 a/b/g/n/ac, dual-band","v5.4 with A2DP, LE","GPS, A-GPS support",true,true,true,"USB Type-C 2.0, OTG",false,false,true,"Fingerprint (under display, optical), accelerometer, proximity, compass"
1b20d46faa9ef4bb659a07e707a08d648002d41c696d0432e98d103a5cb0637c,"Wi-Fi 802.11 a/b/g/n/ac/6, dual-band","5.1, A2DP, LE",GPS,true,false,true,USB Type-C,false,true,false,"Fingerprint (side-mounted), accelerometer, gyro, proximity (incl. for accessories), compass"
ed6e7d04bc018a8b4a3e851a7b752041a1abe026a56790c6624f49af3651179f,Yes,Yes,GPS,false,false,true,Yes,false,false,false,"Fingerprint (rear-mounted), accelerometer, proximity"
be0dd621914a93027abbda47a8278bf3e7a26c1c150715d5b72c155fb506439a,"Wi-Fi 802.11 a/b/g/n/ac, dual-band",Yes,"GPS, GLONASS, GALILEO, BDS",true,false,true,USB Type-C 2.0,false,true,false,"Fingerprint (side-mounted), accelerometer, gyro, proximity, compass"
e88be5579608e9fa0b0256b7704e28da997cbe8458449f338bd8d9013e97a6ec,Wi-Fi 802.11 b/g/n,"5.3, A2DP, LE",GPS,true,false,true,"USB Type-C 2.0, OTG",false,true,false,"Fingerprint (side-mounted), accelerometer, proximity, compass"
8154fd53709dc9f251a6290e88d49f55ae224ffc671cbddc698e155b3472c97e,"Wi-Fi 802.11 a/b/g/n/ac, dual-band",Yes,GPS,false,false,true,USB Type-C 2.0,false,false,false,"Fingerprint (side-mounted), accelerometer, proximity, compass"
963ef458ac59cde3de1c7e10f397c5e173b7fdcaac26c3f26e669cc4b8ec05e8,"Wi-Fi 802.11 a/b/g/n/ac, dual-band","5.2, A2DP, LE","GPS, GLONASS",true,false,true,USB Type-C,false,false,true,"Fingerprint (under display, optical), accelerometer, gyro, proximity, compass"
eefb2a1b576528a7c4000c8259f043b366ba1d4c28b6419bf5827b16ac388680,"Wi-Fi 802.11 a/b/g/n/ac, dual-band","5.2, A2DP, LE","GPS, GLONASS",true,false,true,USB Type-C,false,true,false,"Fingerprint (side-mounted), accelerometer, proximity, compass"
d4eb7b1b01870c1f1d651b5ec091b60b64f17d103225c85fd6d8048bda32d42e,"Wi-Fi 802.11 a/b/g/n/ac, dual-band","5.2, A2DP, LE",GPS,false,false,true,"USB Type-C, OTG",false,false,false,"Fingerprint (side-mounted), accelerometer, proximity, compass"
0a8e1ad2a7204df0576bf01e19642dc19ac72f60760d1e68a80f2fe1f0eb4255,Yes,Yes,GPS,false,false,true,"USB Type-C, OTG",false,false,false,"Fingerprint (side-mounted), accelerometer, compass"
42935071e3b5dd40475917176edab7e38ba122d89aff08136caaf851d44d08b5,"Wi-Fi 802.11 a/b/g/n/ac, dual-band","5.4, A2DP, LE","GPS, A-GPS support",true,true,true,USB Type-C,false,true,false,"Accelerometer, Compass, Fingerprint (side-mounted), Proximity"
50a54cdb89b576704c5ef8c6f643308f0782f1f1f1aab80e610c1432ceb38321,Yes,Yes,GPS,false,false,true,"USB Type-C, OTG",false,true,false,"Fingerprint (side-mounted), accelerometer"
a7f0b414b79bad68b217ba261e0869268ff7776337c2e41a9f17001f881cd487,"Wi-Fi 802.11 a/b/g/n/ac, dual-band, Wi-Fi Direct, hotspot","v5.4 with A2DP, LE","GPS, GALILEO, GLONASS, BDS, QZSS",false,true,false,"USB 2.0, Type-C",false,false,true,"Fingerprint (under display, optical), accelerometer, gyro, proximity, compass"
80b1b5d6746387c176ca4baf2ed30740a92d08ad1118b960a584008e1f98d1d0,"Wi-Fi 802.11 a/b/g/n/ac, dual-band, Wi-Fi Direct","5.2, A2DP, LE","GPS, GLONASS, GALILEO, BDS, QZSS",true,false,true,"USB Type-C 2.0, OTG",false,false,true,"Fingerprint (under display, optical), accelerometer, gyro, proximity, compass"
6d9b506fb3e0bd095878d0f1554e04fb7ce5d72f4efbd55d50e9e5fdd783b38d,"Wi-Fi 802.11 a/b/g/n/ac, dual-band, Wi-Fi Direct","5.2, A2DP, LE, aptX HD, aptX Adaptive","GPS (L1), GLONASS (G1), BDS (B1I), GALILEO (E1), QZSS (L1)",true,false,false,"USB Type-C 2.0, OTG",false,false,true,"Fingerprint (under display, optical), accelerometer, gyro, proximity, compass"
898e9e9fccce84e9a65a8675a5098e506572a1be049f37a9b67ad36fed3cf46d,"Wi-Fi 802.11 a/b/g/n/ac/6, dual-band, Wi-Fi Direct","5.4, A2DP, LE, aptX HD, aptX Adaptive, aptX Lossless","GPS, GALILEO, GLONASS, QZSS, BDS",true,false,false,"USB Type-C 2.0, OTG",false,false,true,"Fingerprint (under display, optical), accelerometer, gyro, proximity, compass"
48e05c7684304b53671580cd3471d12249aa8f28a3f92c53ff2562413a9988c2,"Wi-Fi 802.11 a/b/g/n/ac/6, dual-band","5.4, A2DP, LE","GPS, GALILEO, GLONASS, QZSS, BDS, NavIC",true,true,false,"USB Type-C 2.0, OTG",false,false,true,"Fingerprint (under display, optical), accelerometer, gyro, compassVirtual proximity sensing"
1017bc3a83c563bfd456fdedc562b333b3a4c9f6c94ff5f18a582cc0827719ac,"Wi-Fi 802.11 a/b/g/n/ac, dual-band","5.4, A2DP, LE","GPS, GALILEO, GLONASS, BDS, QZSS",false,true,false,"USB Type-C 2.0, OTG",false,false,true,"Fingerprint (under display, optical), accelerometer, gyro, proximity, compass"
f2282414beb59035d1d1cd61b7939d19874edac205ecb0c0e5026258e487aff2,"Wi-Fi 802.11 a/b/g/n/ac, dual-band","5.4 with A2DP, LE","Yes + A-GPS Support & GLONASS, GALILEO, BDS, QZSS, NavIC",false,true,false,"USB Type-C 2.0, OTG",false,false,true,"Accelerometer, Compass, Fingerprint (under display, optical), Gyro, Proximity"
0552705b0ed0ab1c8b375618cd85a26357391e22337b0bef4d5b32b4f3ceb211,"Wi-Fi 802.11 a/b/g/n/ac/6/7, dual-band","5.4, A2DP, LE","GPS (L1+L5), BDS, GALILEO, QZSS, GLONASS",true,true,false,"USB Type-C 2.0, OTG",false,false,true,"Fingerprint (under display, ultrasonic), accelerometer, gyro, proximity, compass"
0476a1bd91b56692bf90bebeae9ac43ae0649755bd68a6d6d97ba5abeadf5208,"Wi-Fi 802.11 a/b/g/n/ac, dual-band","5.0, A2DP, LE","GPS, GLONASS, BDS, GALILEO",false,false,true,USB Type-C 2.0; OTG,false,false,false,"Accelerometer, proximity, compass"
5c48b78729b2382900cb21be49c2b964e408fa6ebc6e3af85d5965ffd9bc8dd0,"Wi-Fi 802.11 a/b/g/n/ac, dual-band","5.0, A2DP, LE","GPS, GALILEO, GLONASS, BDS, QZSS",false,false,true,"USB Type-C 2.0, OTG",false,false,false,"Accelerometer, proximity"
acc00caec9e3f6f2683de16afe396838a703c3d94fb8dfd6a0582b78bda22c0e,"Wi-Fi 802.11 a/b/g/n/ac, dual-band","5.2, A2DP, LE","GPS, GALILEO, GLONASS, BDS, QZSS",false,false,true,"USB Type-C 2.0, OTG",false,true,false,"Fingerprint (side-mounted), accelerometer, proximity, compass"
0c2e16185adc90d74d8e543afdb61159f67907214a500dca1255844ffaf76532,"Wi-Fi 802.11 a/b/g/n/ac, dual-band","5.2, A2DP, LE","GPS, GLONASS, BDS, GALILEO, QZSS",false,false,false,"USB Type-C 2.0, OTG",false,false,true,"Fingerprint (under display, optical), accelerometer, gyro, proximity, compass"
d6258340c0cdfaa37149a9c866739626f08b44b8dbee769c5e3c986307ebfd11,"Wi-Fi 802.11 a/b/g/n/ac, dual-band","5.0, A2DP, LE","GPS, GALILEO, GLONASS, BDS, QZSS",true,false,true,"USB Type-C 2.0, OTG",false,true,false,"Fingerprint (side-mounted), accelerometer, proximity, compass"
6b1d4368838f3ae6a0cbf55e573873d6f70202417140a0f8e25da585a520d10c,"Wi-Fi 802.11 a/b/g/n/ac, dual-band, Wi-Fi Direct","5.0, A2DP, LE","GPS, GLONASS, GALILEO, BDS",false,false,true,"USB Type-C 2.0, OTG",false,false,false,"Fingerprint (side-mounted), accelerometer, gyro, proximity, compass"
0ae85f58df1ecd24fb888b6b2011d70be4f688e0eab7b89428fdaca105576710,"Wi-Fi 802.11 a/b/g/n/ac, dual-band","5.0, A2DP, LE","GPS, GLONASS, GALILEO, BDS, QZSS",true,false,false,"USB Type-C 2.0, OTG",false,true,false,"Fingerprint (side-mounted), accelerometer, gyro, proximity, compass"
9ec75565cd49b849bac61d0c918ecc28799865705efd53fcb4c2ed81df77430c,"Wi-Fi 802.11 a/b/g/n, dual-band","5.0, A2DP, LE","GPS, GALILEO, GLONASS, BDS, QZSS",false,false,true,"USB Type-C 2.0, OTG",false,true,false,"Fingerprint (side-mounted), accelerometer, proximity, compass"
2a3939d09cc290f5e5f24660699dd3ed2bd4c3b60c113c5d4f8dfb1cfd9b5ab9,"Wi-Fi 802.11 a/b/g/n/ac, dual-band","5.2, A2DP, LE","GPS, GALILEO, GLONASS, BDS",true,true,true,"USB Type-C 2.0, OTG",false,false,true,"Fingerprint (under display, optical), accelerometer, gyro, compassVirtual proximity sensing"
67718b01eed88cb7e11ce2bcd984a4b9a0184e39add623edb597a929523ee0e9,"Wi-Fi 802.11 a/b/g/n/ac/6, dual-band, Wi-Fi Direct","5.4, A2DP, LE, aptX HD","GPS, GALILEO, GLONASS, QZSS, BDS (B1I+B1c)",true,true,false,"USB Type-C 2.0, OTG",false,false,true,"Fingerprint (under display, optical), accelerometer, gyro, compassVirtual proximity sensing"
d6b48bef27ea15a79d2b5d2b2ddae3264412b440a03c818ba890a631071b5f5c,"Wi-Fi 802.11 a/b/g/n/ac, dual-band","5.3, A2DP, LE","GPS, GLONASS, GALILEO, BDS",true,false,true,USB Type-C 2.0,false,true,false,"Fingerprint (side-mounted), accelerometer, compassVirtual proximity sensing"
da0fd0827071c34eaf63199e0482288ed81e74f9ca3b6f2bf06dae8f1ca0d3ab,"Wi-Fi 802.11 a/b/g/n/ac, dual-band, Wi-Fi Direct","5.4, A2DP, LE","GPS, GLONASS, GALILEO, BDS",true,false,true,"USB Type-C 2.0, OTG",false,true,false,"Fingerprint (side-mounted), accelerometer, compassVirtual proximity sensing"
d23d66b128f7671e006356693f47aef0bd9ea7c349729cf5067458915a65cf1f,Wi-Fi 802.11 b/g/n/ac,"5.0, A2DP, LE","GPS, GLONASS",false,false,true,"microUSB 2.0, OTG",false,true,false,"Fingerprint (side-mounted), accelerometer, proximity"
e90b91703461adb5350ce9493753350455c80d4fc76447e284ed076c1106b244,"Wi-Fi 802.11 a/b/g/n/ac, dual-band","5.2, A2DP, LE",GPS,true,false,false,USB Type-C 2.0,false,true,false,"Fingerprint (side-mounted), accelerometer"
10384bbcc1af986315c97b98f2fe52a95ee4b2758ce2a1df3048f736e4d625db,Wi-Fi 802.11 b/g/n,"5.2, A2DP, LE","GPS, GALILEO, GLONASS",false,false,true,"USB Type-C 2.0, OTG",false,false,false,"Fingerprint (side-mounted), accelerometer"
01b68a670862d23c1a4b2e491dba95308becce2a1c8d3fc531fc2be8a9283b88,Wi-Fi 802.11 a/b/g/n/ac,5.2,"GPS, GLONASS, GALILEO, BDS",false,false,true,"USB Type-C 2.0, OTG",false,true,false,"Side-mounted Fingerprint, Accelerometer, Proximity Sensor, Ambient Light Sensor"
b40c3c3d5f614cc3b6b5d468987340cc6139b22b192dea93c41476a970a48247,"Wi-Fi 802.11 a/b/g/n/ac, dual-band","5.2, A2DP, LE",GPS,true,false,true,USB Type-C 2.0,false,true,false,"Fingerprint (side-mounted), accelerometer, proximity"
ed05bd8f6d9d13047b266c34e20f02c108451606327c01498ec1cb057c7a4d22,"Wi-Fi 802.11 a/b/g/n/ac, dual-band","5.2, A2DP, LE","GPS, GLONASS, GALILEO, BDS",true,false,true,"USB Type-C 2.0, OTG",false,true,false,"Fingerprint (side-mounted), accelerometer, gyro, proximity, compass"
8e10517736cf4542ff3b069e517fc1007fcd4091d841073ccb958b20bf2b0ac8,"Wi-Fi 802.11 a/b/g/n/ac/6e/7, dual-band, Wi-Fi Direct","6.0, A2DP, LE, aptX HD, aptX Adaptive, aptX Lossless","GPS (L1+L2+L5), GLONASS (G1+G5), BDS (B1I+B1C+B2a+B2b), GALILEO (E1+E5a), QZSS (L1+L5)",true,true,false,"USB Type-C 3.2, OTG",false,false,true,"Fingerprint (under display, ultrasonic), accelerometer, gyro, proximity, compass"
4b23bd3b2fd9e8e3c0871c86fc6b95a854148640a57072ddfcd7c64fb4ca6288,"Wi-Fi 802.11 a/b/g/n/ac, dual-band","5.2, A2DP, LE",GPS,true,false,true,USB Type-C 2.0,false,true,false,"Fingerprint (side-mounted), accelerometer, proximity"
