record_key,data_snapshot,name,url,sound_loudspeaker,sound_cable_jack,colors_json,weight,price_json,source_file,file_sha256,completeness_score
2ff9bcefb0e9101e8c87f9d916bca904c38a67742bafe1d78560220576dedfa0,2026-08-17T05:38:20+00:00,Nokia 105+ (2022),https://www.gsmarena.com/nokia_105+_(2022)-11740.php,Yes,true,"[""Red"",""Charcoal""]",Weight Unknown,[20.0],gsmarena.com/gsmarena__nokia_105+_(2022)-11740.php.json,ab168a6be4ecb399592402192e7cdd17577579eacc59c7a3cd9ba3e395b1f6ad,0.66667
f6f0d9a3732eb0a711d64fbf9d3deee3e936608687286e95a5ff4706cefaa446,2026-08-17T05:38:26+00:00,Nokia 105 (2022),https://www.gsmarena.com/nokia_105_(2022)-11739.php,Yes,true,"[""Blue"",""Charcoal""]",1.50 W/kg (head) 1.38 W/kg (body),[20.0],gsmarena.com/gsmarena__nokia_105_(2022)-11739.php.json,be955841942c8def90a6d268fe0702a678cdc2d368f4e83ef4db413af150950f,0.70833
1a26dce1d3fb5f50d79971d005288fa2f7625d3bba4841cdccac033b69497bea,2026-08-17T05:35:59+00:00,Nokia 105 (2023),https://www.gsmarena.com/nokia_105_(2023)-12281.php,Yes,true,"[""Red Terracotta"",""Cyan"",""Charcoal""]",Weight Unknown,[50.0],gsmarena.com/gsmarena__nokia_105_(2023)-12281.php.json,fbd21043ccfc99c6d56c2e75cf7d4875cb166a3904089aed150bb61b47b6bc03,0.62500
59e6dba6d05069419ad28a713472da49434334f9c8050892d5892740ec232f98,2026-08-13T18:00:39+00:00,Nokia 105 (2024),https://www.gsmarena.com/nokia_105_(2024)-13188.php,Yes,true,"[""Black"",""Blue"",""Purple""]",Weight Unknown,[],gsmarena.com/gsmarena__nokia_105_(2024)-13188.php.json,6544977bb0b137d411d63fc6f064630c4b59bc3ec4f9f35f30a690bd2fa49b7d,0.62500
e425144be5d164e40343f05c6c2344c725944654b56a5bf308a888e9673c4020,2026-08-17T05:35:56+00:00,Nokia 105 4G (2023),https://www.gsmarena.com/nokia_105_4g_(2023)-12282.php,Yes,true,"[""Charcoal"",""Ocean Blue""]",Weight Unknown,[40.0],gsmarena.com/gsmarena__nokia_105_4g_(2023)-12282.php.json,d38ac4756bcf1ec7feeeea4dbac1fd2a82bd89ce600922de3d7db1f9402a3ff1,0.62500
d5704e2e652f548bb4106b9f279e4105f15dac0f7e4ecc64df8fcbe83128f172,2026-08-13T18:00:20+00:00,Nokia 105 4G 2nd Edition,https://www.gsmarena.com/nokia_105_4g_2nd_edition-13583.php,Yes,true,"[""Charcoal""]",Weight Unknown,[50.0],gsmarena.com/gsmarena__nokia_105_4g_2nd_edition-13583.php.json,60a70368c8c868973b0c6c08c43fb3985cc5604e596b9f496cdb980fc3ce0d24,0.62500
601d583ba37308429cf8bbd586fb307e002347926d6f95bbc03f0a33c3eb6e1c,2026-08-17T05:35:50+00:00,Nokia 106 (2023),https://www.gsmarena.com/nokia_106_(2023)-12283.php,Yes,true,"[""Red Terracotta"",""Emerald Green"",""Charcoal""]",Weight Unknown,[80.0],gsmarena.com/gsmarena__nokia_106_(2023)-12283.php.json,5d9b03c68b7ea7954184fa1085142c53c1215e6ac4db72925a7250bdcff21880,0.62500
99699a2b7d31f74cc1f0c7e4a511c121c6ea7ae59220437d4a0c3b315a711ec5,2026-08-17T05:35:42+00:00,Nokia 106 4G (2023),https://www.gsmarena.com/nokia_106_4g_(2023)-12286.php,Yes,true,"[""Charcoal"",""Ocean Blue""]",Weight Unknown,[30.0],gsmarena.com/gsmarena__nokia_106_4g_(2023)-12286.php.json,3a663870a48beb8f632c9d45e202463857a3a13a4e748c2c74f9c48ec08c5de7,0.62500
e2cd098900041be0afd5bb8c6b587e967ab6b2323e23efc89a89c13959036c4e,2026-08-13T18:00:27+00:00,Nokia 108 4G (2024),https://www.gsmarena.com/nokia_108_4g_(2024)-13482.php,Yes,true,"[""Blue"",""Cyan"",""Pink""]",Weight Unknown,[],gsmarena.com/gsmarena__nokia_108_4g_(2024)-13482.php.json,56f9c77bf0a44973c9efcd9bbccf9eb2a1c261ef0d33160aab53b9b2d1f48e84,0.54167
079bebf62853188137f14b82cdd39edd3ed91e1994f8588f2a201908b8e3b2a8,2026-08-17T05:37:22+00:00,Nokia 110 (2022),https://www.gsmarena.com/nokia_110_(2022)-11741.php,Yes,true,"[""Rose Gold"",""Cyan"",""Charcoal""]",Weight Unknown,[20.0],gsmarena.com/gsmarena__nokia_110_(2022)-11741.php.json,59b76f35383382c35e3cc64e6e890468d88e3808a3e299d64550361dbbd84a07,0.66667
27107a35abd98e4924bd16e620d210e2cc1dd616c8f5078b239587008e2642c8,2026-08-17T05:34:22+00:00,Nokia 110 (2023),https://www.gsmarena.com/nokia_110_(2023)-12284.php,Yes,false,"[""Charcoal"",""Cloudy Blue""]",Weight Unknown,[50.0],gsmarena.com/gsmarena__nokia_110_(2023)-12284.php.json,a4f8b99268a44c2f8b9b1012090e358dd3db02db4be13b6f89f8fe6c04c97dfa,0.66667
1a1fc9af93d0effd2f4a48623e5cb049404cb7527963f1348b059dc8527baa2a,2026-08-17T05:34:17+00:00,Nokia 110 4G (2023),https://www.gsmarena.com/nokia_110_4g_(2023)-12285.php,Yes,true,"[""Midnight Blue"",""Arctic Purple""]",Weight Unknown,[40.0],gsmarena.com/gsmarena__nokia_110_4g_(2023)-12285.php.json,d7573d8b98bcd2f01b90be042525e8765a3f378a1f23cc2bc42fb6965ad70813,0.66667
87e686bc0c1ccf2583f6d0eed2877c1714cdc1f5bad53219ff65ce60aaf8c3b3,2026-08-13T18:00:34+00:00,Nokia 110 4G (2024),https://www.gsmarena.com/nokia_110_4g_(2024)-13471.php,Yes,true,"[""Blue"",""Titanium""]",Weight Unknown,[],gsmarena.com/gsmarena__nokia_110_4g_(2024)-13471.php.json,30e114e2e69157882e96560d69191a3b1607e1bc57082dc852e765bf8b52b413,0.62500
82123ce0b6d08cc728fcc10094cf54b39979efa902316c06be96093b40a627e4,2026-08-13T18:00:13+00:00,Nokia 110 4G 2nd Edition,https://www.gsmarena.com/nokia_110_4g_2nd_edition-13584.php,Yes,true,"[""Midnight Blue"",""Arctic Purple""]",Weight Unknown,[60.0],gsmarena.com/gsmarena__nokia_110_4g_2nd_edition-13584.php.json,dccbdd26c79abded8af9fdfd155db58e890aef2cf4fd40228257b3893e1aff03,0.66667
c1e193f391b37122ffb17432aaa8e068e5b625e25f3c37924fc74b902b9f07e6,2026-08-13T17:59:54+00:00,Nokia 110 Power,https://www.gsmarena.com/nokia_110_power-14481.php,Yes,true,"[""Gray"",""Blue"",""Purple""]",Weight Unknown,[20.0],gsmarena.com/gsmarena__nokia_110_power-14481.php.json,fb6fa12aa9e33fa5e06a607852a36ff00d69e4fd1c537719123ef0012867531e,0.62500
2a916ba6d224fbfaa044bfb5805e4ab5bbf17974e63a93cc6f2b93ca842501be,2026-08-13T17:59:07+00:00,Nokia 123 Shield,https://www.gsmarena.com/nokia_123_shield-14818.php,Yes,true,"[""Green"",""Purple""]",Weight Unknown,[40.0],gsmarena.com/gsmarena__nokia_123_shield-14818.php.json,5e99b3baf2e21b643d55e318132e863651d8b6e2b5fa8ac1dfca6af3403b75ab,0.66667
cd426a222853b11fd9ef588e8b3e127886de0668848414d73337d5df21635253,2026-08-13T18:01:51+00:00,Nokia 130 (2023),https://www.gsmarena.com/nokia_130_(2023)-12464.php,Yes,true,"[""Dark Blue"",""Purple"",""Light Gold""]",Weight Unknown,[20.0],gsmarena.com/gsmarena__nokia_130_(2023)-12464.php.json,f2301865f7781d6df46b734f05b8ae1ebcbb5b61c06e7a24da35c3354cc0b2d3,0.66667
f0ce1aaee4f5604ba2adf32bde0a3ef62364684777fd02e68d596a39e5d17856,2026-08-13T18:00:06+00:00,Nokia 130 Music,https://www.gsmarena.com/nokia_130_music-13686.php,Yes,true,"[""Dark Blue"",""Purple"",""Gray""]",Weight Unknown,[],gsmarena.com/gsmarena__nokia_130_music-13686.php.json,93b4fb3e21b3ef9da22dec95f4363162e6d078af02413794ee829fe31372bf7c,0.66667
74582963e4ead43ebefb992a2164a2aec5321596ad7f5d970d85909e0a7534bd,2026-08-13T18:01:44+00:00,Nokia 150 (2023),https://www.gsmarena.com/nokia_150_(2023)-12465.php,Yes,true,"[""Black"",""Cyan"",""Red""]",Weight Unknown,[60.0],gsmarena.com/gsmarena__nokia_150_(2023)-12465.php.json,23d81bff06d0b6bef60f8ae3a7a07074af1ee78916fbf935c2bd17d7a8d6feed,0.70833
b5fbead6b8dcaeb63854ec50d90e5013ae02ccdcdda51c1cb70fd1d994bafc74,2026-08-13T18:00:01+00:00,Nokia 150 Music,https://www.gsmarena.com/nokia_150_music-13688.php,Yes,true,"[""Blue"",""Gray"",""Violet""]",Weight Unknown,[],gsmarena.com/gsmarena__nokia_150_music-13688.php.json,88a816a0536fab3a8264835cf2760eebb5c39ebc438647619d5e397d56ae251e,0.70833
1a409f0fccd421be7c4c860d05cc0dccebe5b7441e6d8571f4b3c6518d0494c0,2026-08-13T17:59:48+00:00,Nokia 200 4G,https://www.gsmarena.com/nokia_200_4g-14776.php,Yes,true,"[""Black"",""Blue"",""Yellow""]",Weight Unknown,[],gsmarena.com/gsmarena__nokia_200_4g-14776.php.json,58e7a12385c4fe4229a85352d9fce28071b4c249218d236911d7f122f01f14fc,0.62500
477b2d56e3fc58dcb3000a0d08d1a97b8c6f61c9371328d9aa3e06b099c26fa9,2026-08-13T17:59:42+00:00,Nokia 210 4G,https://www.gsmarena.com/nokia_210_4g-14775.php,Yes,true,"[""Dark Blue"",""Silver""]",Weight Unknown,[],gsmarena.com/gsmarena__nokia_210_4g-14775.php.json,95fc7f28fc63da2e7cd4b060f91204ba395314478c2e86d7baa0836f04b18173,0.70833
e378f8d1185629fd3cc760f5f29d8a739dd3d8aebab76b5a436baa58dbb6a77c,2026-08-13T18:01:08+00:00,Nokia 215 4G (2024),https://www.gsmarena.com/nokia_215_4g_(2024)-12969.php,Yes,true,"[""Peach"",""Black"",""Dark Blue""]",Weight Unknown,[],gsmarena.com/gsmarena__nokia_215_4g_(2024)-12969.php.json,ff458a4203fd5dd1449e7d9c46716aa8d672125bbae19cc6f600e0c4788354c1,0.70833
414e572f80e95b15dc215756ba6a3f2bb0dbe71c90ecbe05757848f979a82dcf,2026-08-13T17:59:38+00:00,Nokia 215 4G (2026),https://www.gsmarena.com/nokia_215_4g_2nd_edition-14774.php,Yes,true,"[""Black"",""Red""]",Weight Unknown,[],gsmarena.com/gsmarena__nokia_215_4g_2nd_edition-14774.php.json,2a3034a48470da0e3de14aa11098424e255997936c71c3da54bdcc7b7ce25182,0.66667
17aa50920cb88a59855b80731ba23957b80d4cc104e7c47df09646159d65a671,2026-08-13T18:00:46+00:00,Nokia 220 4G (2024),https://www.gsmarena.com/nokia_220_4g_(2024)-13167.php,Yes,true,"[""Black"",""Peach""]",Weight Unknown,[40.0],gsmarena.com/gsmarena__nokia_220_4g_(2024)-13167.php.json,2e3dff493e214ae76e3a4a5201fc0061f072d4e1616517ef66dc34323cdbc49f,0.75000
14c368474ea29903cd3b89790f4ecd3a8711a3395b0618795a153fac85d1c4a4,2026-08-13T18:01:02+00:00,Nokia 225 4G (2024),https://www.gsmarena.com/nokia_225_4g_(2024)-12968.php,Yes,true,"[""Pink"",""Dark Blue""]",Weight Unknown,[],gsmarena.com/gsmarena__nokia_225_4g_(2024)-12968.php.json,929b1c04a97e7cf18e5e6f5a63a88f3d6e1f1eca9787aa9849b092fa2f7a937d,0.75000
083d81c7ad3ca1a9762bcfbf0779a90b2ca42a7282db4e528cd0596c31e5263f,2026-08-13T18:01:26+00:00,Nokia 230 (2024),https://www.gsmarena.com/nokia_230_(2024)-12928.php,Yes,true,"[""Black"",""White""]",Weight Unknown,[70.0],gsmarena.com/gsmarena__nokia_230_(2024)-12928.php.json,d01959a57bbf4387dbaf989af25aae5c6879db014f262a57799f7c473ad9c8e1,0.79167
c886e60da64a497faa5c6f874ca673af47d2c4206e28b5df9cc89286bd72de95,2026-08-13T18:00:58+00:00,Nokia 235 4G (2024),https://www.gsmarena.com/nokia_235_4g_(2024)-12967.php,Yes,true,"[""Black"",""Blue"",""Purple""]",Weight Unknown,[],gsmarena.com/gsmarena__nokia_235_4g_(2024)-12967.php.json,9688964d69c3715a6298ab16183dd90f32dc2cbc736b616cd6adf4c2547ffbc0,0.75000
7db5502b805a17d224b2e8f4a0de13c6cfdd8a2064927462ef940ab6996ed2e6,2026-08-13T17:59:14+00:00,Nokia 235 4G (2026),https://www.gsmarena.com/nokia_235_4g_2nd_edition-14773.php,Yes,true,"[""Black"",""Blue""]",Weight Unknown,[],gsmarena.com/gsmarena__nokia_235_4g_2nd_edition-14773.php.json,ca32bfb7ed49083b624b4c562671e01c251b9219e9ddcee7ba3b89d102555d09,0.70833
f49f570a353ad519eb7b4d2d215fb85f8907831b81983d4d599f77adbc46a353,2026-08-17T05:37:45+00:00,Nokia 2660 Flip,https://www.gsmarena.com/nokia_2660_flip-11668.php,Yes,true,"[""Gray"",""Blue"",""Red"",""Lush Green"",""Pop Pink""]",0.36 W/kg (head) 1.48 W/kg (body),[70.0],gsmarena.com/gsmarena__nokia_2660_flip-11668.php.json,44cc67c16836ef1a7c7b447eab1b28fb29b7163f56cf6d44c599af22a6e6753a,0.83333
d60d842ac45ec4200396a3a74897827ed8356674be220aff9794761b79daa040,2026-08-17T05:37:41+00:00,Nokia 2760 Flip,https://www.gsmarena.com/nokia_2760_flip-11670.php,Yes,true,"[""Black""]",Weight Unknown,[60.0],gsmarena.com/gsmarena__nokia_2760_flip-11670.php.json,fbf6303e54caa93e4abed60114396338acef393d76ff425c067b6b8f9b16c68d,0.75000
c18e6431e2c86142fd6154d4d4aa98460e5db25e514742a5ed37ce07d553861f,2026-08-17T05:36:44+00:00,Nokia 2780 Flip,https://www.gsmarena.com/nokia_2780_flip-11973.php,Yes,true,"[""Red"",""Blue""]",Weight Unknown,[90.0],gsmarena.com/gsmarena__nokia_2780_flip-11973.php.json,0fd06086fbbadb45ff4d09db70c349142eeb4ea9fa5209bba1165ab951e332eb,0.83333
df2d424ec17f4792232f26b45e7154183dc07da24b8a38ab4ec80b30cb46ecd2,2026-08-13T18:00:52+00:00,Nokia 3210,https://www.gsmarena.com/nokia_3210-12990.php,Yes,true,"[""Scuba Blue"",""Y2K Gold"",""Grunge Black""]",Weight Unknown,[70.0],gsmarena.com/gsmarena__nokia_3210-12990.php.json,fb610552d6f9a76ecaa0a2734f67faf424dc1101708f273ffc36809bb13eb968,0.75000
074acd18ea5f3d0ffaa5ca41c311baf1275221cf6033550809e2cc74bc89d42f,2026-08-13T18:01:18+00:00,Nokia 5310 (2024),https://www.gsmarena.com/nokia_5310_(2024)-12927.php,"Yes, with dual speakers",true,"[""White/Red"",""Black/Red""]",Weight Unknown,[60.0],gsmarena.com/gsmarena__nokia_5310_(2024)-12927.php.json,b788ceb140a400309514dc01135cc1362e303c7c9fcb04598e93093a1d98242c,0.70833
c225878c308f380bb5d7505add34d5b60d93d7a2534020f47b61a5eb904af78a,2026-08-17T05:37:37+00:00,Nokia 5710 XpressAudio,https://www.gsmarena.com/nokia_5710_xpressaudio-11667.php,"Yes, with dual speakers",false,"[""Black/White"",""Red/White""]",1.28 W/kg (head) 1.41 W/kg (body),[70.0],gsmarena.com/gsmarena__nokia_5710_xpressaudio-11667.php.json,fdfefd3b5204b132cfc6611dd875affc0bad6e3b586b06e019aa060325d5c5ff,0.79167
0333124b6d005e1ee2ed06310d243866f3805ab05786d712379ccf2aaf7f4ad0,2026-08-13T18:01:13+00:00,Nokia 6310 (2024),https://www.gsmarena.com/nokia_6310_(2024)-12926.php,Yes,true,"[""Black"",""Green""]",Weight Unknown,[70.0],gsmarena.com/gsmarena__nokia_6310_(2024)-12926.php.json,0425b9d3220676d7337c157b56eb7189c7363fa8e2c4075c36cd659d96d105fc,0.70833
9c75fc19967a4e42baa3e1351f4d23aad960eb28a3ef9c2432162cf6d29924c2,2026-08-17T05:37:31+00:00,Nokia 8210 4G,https://www.gsmarena.com/nokia_8210_4g-11666.php,Yes,true,"[""Sand"",""Blue"",""Red""]",0.98 W/kg (head) 1.43 W/kg (body),[170.0],gsmarena.com/gsmarena__nokia_8210_4g-11666.php.json,825007bbe71fc69205d3059e054c2976c9513464c0bdf76da879023a690fef00,0.79167
39244f66676e104d2d42c0aac399e85c2c506d6c1abe8f4cf7ed5df60abd4348,2026-08-17T05:36:33+00:00,Nokia C02,https://www.gsmarena.com/nokia_c02-12136.php,Yes,true,"[""Dark Cyan"",""Charcoal""]",Weight Unknown,[],gsmarena.com/gsmarena__nokia_c02-12136.php.json,c384b16a65fb079514f98fad0a032be6c74da314149756c9693812ba0d286d5a,0.79167
5ae57c38bbab459303f49aa01f8c54b61b7f4ddf3b1b47ff642e022c29ca89fb,2026-08-17T05:38:03+00:00,Nokia C100,https://www.gsmarena.com/nokia_c100-11628.php,Yes,true,"[""Blue""]",Weight Unknown,[50.0],gsmarena.com/gsmarena__nokia_c100-11628.php.json,f7ca608d8b76d232b82f5693c5c02728d73f2429e4a9dec80153ea4cdb4067a6,0.91667
771a45b9bdc3f2de731305249d966aab549b0c37ea1e5eeb0fbdf7374eec22f8,2026-08-17T05:34:12+00:00,Nokia C110,https://www.gsmarena.com/nokia_c110-12321.php,Yes,true,"[""Gray""]",Weight Unknown,[100.0],gsmarena.com/gsmarena__nokia_c110-12321.php.json,93e691b5bb5aa743404837ad7eb847227176f2563b3081f1bd7318d45f995c58,0.95833
1133db2497caa79105b900d88ed0e46a52a58b56e7f8a5ab8bb39cd38ba639be,2026-08-17T05:36:39+00:00,Nokia C12,https://www.gsmarena.com/nokia_c12-12085.php,Yes,true,"[""Dark Cyan"",""Charcoal"",""Light Mint""]",Weight Unknown,[100.0],gsmarena.com/gsmarena__nokia_c12-12085.php.json,09f75efb2312e2cfab2c026389b3a4f89112cd97076f20355af86a55d1aa0a20,0.91667
39fe5f7c5c64a9d5204a8af6a0892c3f2415ac20ca74b93a3afe00135e762357,2026-08-17T05:36:08+00:00,Nokia C12 Plus,https://www.gsmarena.com/nokia_c12_plus-12210.php,Yes,true,"[""Dark Cyan"",""Charcoal"",""Light Mint""]",Weight Unknown,[90.0],gsmarena.com/gsmarena__nokia_c12_plus-12210.php.json,cafef03b26891f288bbba9e2759f30d4768614c88c9925c05847889b2cec471c,0.91667
21c9a043f7a318c8296ddfe2544b6febde1e97b35df4b6e388e8f3c62f2e2173,2026-08-17T05:36:12+00:00,Nokia C12 Pro,https://www.gsmarena.com/nokia_c12_pro-12184.php,Yes,true,"[""Dark Cyan"",""Charcoal"",""Light Mint""]",Weight Unknown,[80.0],gsmarena.com/gsmarena__nokia_c12_pro-12184.php.json,0529275c20dc756fa866cc11f30fb3f1f61ee88f3cae0fecc9219cc5324482d0,0.95833
02727be98595b9c42dad69006785b9d0e2a2e2b693469c26f91a582bed4e57ba,2026-08-17T05:37:59+00:00,Nokia C200,https://www.gsmarena.com/nokia_c200-11629.php,Yes,true,"[""Meteor Black""]",Weight Unknown,[60.0],gsmarena.com/gsmarena__nokia_c200-11629.php.json,5d9708d706bd912be35e3ba4b10429615515b2b885cb783259990c7232efd22b,0.95833
5387dd573fe2da029fb445c52a409e1c3aba2cd89d925234283c493d66092be5,2026-08-17T05:38:15+00:00,Nokia C21,https://www.gsmarena.com/nokia_c21-11380.php,Yes,true,"[""Dark Blue"",""Warm Gray""]",0.43 W/kg (head) 1.55 W/kg (body),[70.0],gsmarena.com/gsmarena__nokia_c21-11380.php.json,9c58c4813f73d8dbb673f59e3af51cfd916d08f930465e2eb58e2bf6e894a8e4,0.95833
191dfbc3e80b695469d65d09f4535f0380c802be7cafa805a007435e59847333,2026-08-13T18:01:33+00:00,Nokia C210,https://www.gsmarena.com/nokia_c210-12472.php,Yes,true,"[""Gray""]",Weight Unknown,[190.0],gsmarena.com/gsmarena__nokia_c210-12472.php.json,5681b75c22c12e4981dcc860508a88a3681789a0b55288bac2a184e997085b6a,0.91667
551b56e9c0ef47f5a9837f3714decb26bc4cc0734ff16e1a23c7239c69cbcec3,2026-08-17T05:38:09+00:00,Nokia C21 Plus,https://www.gsmarena.com/nokia_c21_plus-11381.php,Yes,true,"[""Dark Cyan"",""Warm Gray""]",0.40 W/kg (head) 0.99 W/kg (body),[120.0],gsmarena.com/gsmarena__nokia_c21_plus-11381.php.json,69e5a665d565adb416a8a35c8ec4acdd5bace855056e0692ac9c36f1edfdd02e,1.00000
e140f92e3a75494a5a2155f8ad19487fe03d4005013029673c14e570a46a62aa,2026-08-17T05:36:22+00:00,Nokia C22,https://www.gsmarena.com/nokia_c22-12138.php,Yes,true,"[""Sand"",""Midnight Black""]",Weight Unknown,[90.0],gsmarena.com/gsmarena__nokia_c22-12138.php.json,f948208f3f09457f7c048d41703ee7299b63d73da0d27b3af608fbe6e1ce9873,0.95833
4e16899a112f575c5d67b59b4776823a71f639c707e70fb8be2e783ea76c925e,2026-08-17T05:38:32+00:00,Nokia C2 2nd Edition,https://www.gsmarena.com/nokia_c2_2nd_edition-11382.php,Yes,true,"[""Dark Blue"",""Warm Gray""]",0.42 W/kg (head) 1.14 W/kg (body),[240.0],gsmarena.com/gsmarena__nokia_c2_2nd_edition-11382.php.json,75aa94491c368e114fa05ebeba5fdca513e7029853ad34a7de29ba94540d3a2f,0.87500
1a7c9f92e0fdd251e38894d49a4eef8c778f81f895d43a437d2de814eadc29ba,2026-08-17T05:34:07+00:00,Nokia C300,https://www.gsmarena.com/nokia_c300-12322.php,Yes,true,"[""Blue""]",Weight Unknown,[60.0],gsmarena.com/gsmarena__nokia_c300-12322.php.json,8d12df5dc1ca149449ffa5f0e7eaaee572fb626421f69e0d173ce1c51b930040,0.95833
af1137450ee69f5fb282a4f6304651786d21df7b89975efba708d86a792430a4,2026-08-17T05:37:06+00:00,Nokia C31,https://www.gsmarena.com/nokia_c31-11825.php,Yes,true,"[""Charcoal"",""Mint"",""Cyan""]",0.35 W/kg (head) 1.39 W/kg (body),[130.0],gsmarena.com/gsmarena__nokia_c31-11825.php.json,cc317947785ecc4d9d9e2e9f4881c84a3a56e8b7d89703651130fa81e650e0af,1.00000
de1e7816d4eade05fbd878e85fc4de0ebf66536295082766b364a294abb5e3e9,2026-08-17T05:36:18+00:00,Nokia C32,https://www.gsmarena.com/nokia_c32-12139.php,Yes,true,"[""Charcoal"",""Autumn Green"",""Beach Pink""]",Weight Unknown,[100.0],gsmarena.com/gsmarena__nokia_c32-12139.php.json,c17b9f079ef12cd58a541dfdad3806e7354e3f59fa062a4b9ece0a4116363aa6,0.95833
35f77f147dbd57d4deed9cd0128194e3208461abecef5d40c1dab969fc851f64,2026-08-17T05:36:54+00:00,Nokia G100,https://www.gsmarena.com/nokia_g100-12373.php,Yes,true,"[""Nordic Blue""]",Weight Unknown,[60.0],gsmarena.com/gsmarena__nokia_g100-12373.php.json,9a8dad67ee5915c218193e429be3d72b3793a5c890386da9d5a913325e2c68d8,0.95833
3e2ee0619ac946f41996e030a1a107336fa104390cc92c2a4f2f6a5363bf6649,2026-08-17T05:38:38+00:00,Nokia G11,https://www.gsmarena.com/nokia_g11-11358.php,Yes,true,"[""Charcoal"",""Ice""]",0.47 W/kg (head) 1.10 W/kg (body),[100.0],gsmarena.com/gsmarena__nokia_g11-11358.php.json,2d9734f291d94c6496bae4b848cb0539f60108a9e819c40880e3b49f29d33ecc,1.00000
ef4db945229b1d51889288131d7f66ef74b1e861a41b40ea6a2b7259d68ec122,2026-08-17T05:37:54+00:00,Nokia G11 Plus,https://www.gsmarena.com/nokia_g11_plus-11644.php,Yes,true,"[""Lake Blue"",""Charcoal Grey""]",Weight Unknown,[130.0],gsmarena.com/gsmarena__nokia_g11_plus-11644.php.json,e329178bcaefdaa857a9091b7fe51d3791781199cd576e9ba816aaf5c3c31eba,0.95833
aaf5a174fc1dafdfdc28167bc8c14f7469cae5d279ba58ec015ebeb517dc8c24,2026-08-17T05:38:42+00:00,Nokia G21,https://www.gsmarena.com/nokia_g21-11356.php,Yes,true,"[""Nordic Blue"",""Dusk""]",0.34 W/kg (head) 1.05 W/kg (body),[90.0],gsmarena.com/gsmarena__nokia_g21-11356.php.json,9bae82cb15b1eb0b9e71640751c45ace5c4612fe7611562f577bf5165e506bb9,1.00000
5c08512033cb1c305aa8cd49a09b1404b4ca656a17548cb315803ee87397828a,2026-08-17T05:36:29+00:00,Nokia G22,https://www.gsmarena.com/nokia_g22-12137.php,Yes,true,"[""Lagoon Blue"",""Meteor Gray"",""So Peach""]",Weight Unknown,[120.0],gsmarena.com/gsmarena__nokia_g22-12137.php.json,2eb397be3b679eef53a51d42608c6cd9b8827a19f84934e2fe801c4db3037ace,0.95833
5a79fbe9b3b69ccac5e86b69d20e1bcaf53ab861fbd02dbd347e2b61381d930b,2026-08-17T05:38:50+00:00,Nokia G300,https://www.gsmarena.com/nokia_g300-11135.php,Yes,true,"[""Meteor Grey""]",Weight Unknown,[100.0],gsmarena.com/gsmarena__nokia_g300-11135.php.json,b37d2d81de09088fa96df80a8a3bb3f05950aa81f6c0eae9c263603f70476730,0.95833
5b6351568cb2d7420f79e745bd7c52f43493747d3b908b88ae54fe9e4146e6ef,2026-08-13T18:01:38+00:00,Nokia G310,https://www.gsmarena.com/nokia_g310-12471.php,Yes,true,"[""Blue""]",Weight Unknown,[170.0],gsmarena.com/gsmarena__nokia_g310-12471.php.json,3cbfcd3c56a6528438408871f51f0e6ddf849be651294d43ee730d44718bf873,0.95833
adf47cb638c2e72bfb1577a2af1a2a2f286f574ba6629c529e3ecd0b1d08614f,2026-08-17T05:37:16+00:00,Nokia G400,https://www.gsmarena.com/nokia_g400-11818.php,Yes,true,"[""Meteor Grey""]",Weight Unknown,[70.0],gsmarena.com/gsmarena__nokia_g400-11818.php.json,f8fde6f2727fcfa0b0fb53d6f008674237da0e95fa58b64189996362a0b7bdd1,0.95833
0a8e2eed287552e453b18029eb4e3892afb675f09f6388572bcaafd1bfbec7b9,2026-08-17T05:34:02+00:00,Nokia G42,https://www.gsmarena.com/nokia_g42-12381.php,Yes,true,"[""Gray"",""Purple"",""Red""]",Weight Unknown,[220.0],gsmarena.com/gsmarena__nokia_g42-12381.php.json,1840103494e37b47b3b7f70a98838b644b2df94609e0c2fe44fc38b5ebd860de,0.95833
379c86312a94015ddf1b443c35488922b573fea0fd72747a8e3fd3febd2d3e66,2026-08-17T05:37:00+00:00,Nokia G60,https://www.gsmarena.com/nokia_g60-11826.php,Yes,true,"[""Pure Black"",""Ice Gray""]",1.10 W/kg (head) 1.27 W/kg (body),[240.0],gsmarena.com/gsmarena__nokia_g60-11826.php.json,94e99945f85ca2f56ca07977e94ee38799d1766dd5fb636f4980820816805201,1.00000
741f2c4dbc67d804a52074c56d66d8e46d59c526fb892ca1e114eef6d49d7d6f,2026-08-17T05:37:49+00:00,Nokia T10,https://www.gsmarena.com/nokia_t10-11669.php,"Yes, with stereo speakers",true,"[""Ocean Blue""]",0.27 W/kg (head) 1.57 W/kg (body),[160.0],gsmarena.com/gsmarena__nokia_t10-11669.php.json,6b746c8c91f0d39b698e92f5031682712efb154c58d265670ef38e765313069e,1.00000
e20223af7a9456010571420458f02cdafde148ae5e15b10d7313d532d9702e80,2026-08-17T05:38:56+00:00,Nokia T20,https://www.gsmarena.com/nokia_t20-11142.php,"Yes, with stereo speakers",true,"[""Deep Ocean""]",1.35 W/kg (body),[200.0],gsmarena.com/gsmarena__nokia_t20-11142.php.json,90b49b1f680ae1f3319db6dc27d0219d5b7cceb30971405b1f614fb1f2fb79a6,1.00000
17c495b43d5ce4abcceb8a4b89e559b28f8143702ef2f097e6948f4f62e93fa6,2026-08-17T05:37:11+00:00,Nokia T21,https://www.gsmarena.com/nokia_t21-11823.php,"Yes, with stereo speakers",true,"[""Charcoal Grey""]",1.56 W/kg (body),[240.0],gsmarena.com/gsmarena__nokia_t21-11823.php.json,cf18746dbb13d40cdf4f991f0ba5ed6ec3fc2a078b32a235761db3b06eb78899,1.00000
335b890270c2b689f33502cb15cb39f69d546b4e5f6f41a99d0eb3815ba012db,2026-08-17T05:38:46+00:00,Nokia X100,https://www.gsmarena.com/nokia_x100-11207.php,Yes,true,"[""Midnight Blue""]",Weight Unknown,[220.0],gsmarena.com/gsmarena__nokia_x100-11207.php.json,81525cd3deb2a36a72cbfdcf356c5f2bfe27be5b17b7b1b9c99f601223003ec2,0.95833
9625afae43e353d015a88b9a3df07b94e0f46584385c945039674f5d92861aa4,2026-08-17T05:36:50+00:00,Nokia X30,https://www.gsmarena.com/nokia_x30-11831.php,Yes,false,"[""Cloudy Blue"",""Ice White""]",0.79 W/kg (head) 1.37 W/kg (body),[240.0],gsmarena.com/gsmarena__nokia_x30-11831.php.json,6bc28c88571399e128c55bc1431a09c3cc29da8c77da9775903bcec8f0ee6024,1.00000
222fa9903f2cf938f8b1f467243d5d729a8d3645f99f5cf1396a2c03269a6ae8,2026-08-17T05:36:04+00:00,Nokia XR21,https://www.gsmarena.com/nokia_xr21-12244.php,"Yes, with stereo speakers",true,"[""Midnight Black"",""Pine Green""]",Weight Unknown,[570.0],gsmarena.com/gsmarena__nokia_xr21-12244.php.json,21ddd187eefd7a7eb5c34087c474a16afecc3e4ad726475ebe758063511424fd,0.95833
